Enter password: 
-- MySQL dump 10.13  Distrib 8.0.41, for Linux (x86_64)
--
-- Host: localhost    Database: sistema_eeep
-- ------------------------------------------------------
-- Server version	8.0.41

/*!40101 SET @OLD_CHARACTER_SET_CLIENT=@@CHARACTER_SET_CLIENT */;
/*!40101 SET @OLD_CHARACTER_SET_RESULTS=@@CHARACTER_SET_RESULTS */;
/*!40101 SET @OLD_COLLATION_CONNECTION=@@COLLATION_CONNECTION */;
/*!50503 SET NAMES utf8mb4 */;
/*!40103 SET @OLD_TIME_ZONE=@@TIME_ZONE */;
/*!40103 SET TIME_ZONE='+00:00' */;
/*!40014 SET @OLD_UNIQUE_CHECKS=@@UNIQUE_CHECKS, UNIQUE_CHECKS=0 */;
/*!40014 SET @OLD_FOREIGN_KEY_CHECKS=@@FOREIGN_KEY_CHECKS, FOREIGN_KEY_CHECKS=0 */;
/*!40101 SET @OLD_SQL_MODE=@@SQL_MODE, SQL_MODE='NO_AUTO_VALUE_ON_ZERO' */;
/*!40111 SET @OLD_SQL_NOTES=@@SQL_NOTES, SQL_NOTES=0 */;

--
-- Table structure for table `admin`
--

DROP TABLE IF EXISTS `admin`;
/*!40101 SET @saved_cs_client     = @@character_set_client */;
/*!50503 SET character_set_client = utf8mb4 */;
CREATE TABLE `admin` (
  `id_usuario` int NOT NULL AUTO_INCREMENT,
  `usuario` varchar(20) NOT NULL,
  `senha` varchar(255) NOT NULL,
  PRIMARY KEY (`id_usuario`)
) ENGINE=InnoDB AUTO_INCREMENT=23 DEFAULT CHARSET=utf8mb3;
/*!40101 SET character_set_client = @saved_cs_client */;

--
-- Dumping data for table `admin`
--

LOCK TABLES `admin` WRITE;
/*!40000 ALTER TABLE `admin` DISABLE KEYS */;
INSERT INTO `admin` VALUES (6,'guiijoo','$2y$10$y/NlSojvi8Ksy588Xt1DA.OeIURC9dwfL9Ry8Kby1OzUc8lLmQ.da'),(10,'murilo','$2y$10$DbGbZYiuhirklWeOMxtHIOltmwJfqGk77zWu7MeZd8U80VRNx.8Ki'),(14,'lucas','$2y$10$lEGmXX7qARXWVLpfijbmi.v8pRoSq/b8HYNeP0AxXuc6fcqa5ffB6'),(15,'paulo','$2y$10$22dr5CDQpLzaFIr133Xx1eyc1uHm7xYLHcG89VP.u5V7aIQHxnGF6'),(16,'Gisele','$2y$10$eex9YnTZ0Zs17VjaDLKfv.VHcpmVY4Hk/29T8eSdA1H67U2wckFme'),(17,'Larissa','$2y$10$o5dEgVQeH/aCb/NZ5AZv0u4USrNWHvfhxzThg79mAPoQx3KRWQf4a'),(18,'carol','$2y$10$yPlShIWWY.wkt2kL.gtO9eXfsqRfkXDIEU8pNZJiubHIvi2fHV74q'),(19,'carol2','$2y$10$lVzClrMvSdhCCPo.Qtk4weyh8EHoalezLBsk4.0H/R2.QbwhUz0VW'),(20,'jessica','$2y$10$nGXTgVgCqzA.tHxBUQbJJOtAqe.jHX/QL/UJXBggrT3fijF8TTuBe'),(21,'iaro','$2y$10$H57Yhq8EiL6C1UUXEHCUzubCtmvaJ21JpiONsSUQ0u.CVQcsGXubq'),(22,'iaro2','$2y$10$mXkAreAeRwezaYzdrPggO./htG4beIAvp.LAnsZ.15F0y2SCSc0CS');
/*!40000 ALTER TABLE `admin` ENABLE KEYS */;
UNLOCK TABLES;

--
-- Table structure for table `categoria`
--

DROP TABLE IF EXISTS `categoria`;
/*!40101 SET @saved_cs_client     = @@character_set_client */;
/*!50503 SET character_set_client = utf8mb4 */;
CREATE TABLE `categoria` (
  `id_categoria` int NOT NULL AUTO_INCREMENT,
  `nome_categoria` varchar(30) NOT NULL,
  PRIMARY KEY (`id_categoria`)
) ENGINE=InnoDB AUTO_INCREMENT=3 DEFAULT CHARSET=latin1;
/*!40101 SET character_set_client = @saved_cs_client */;

--
-- Dumping data for table `categoria`
--

LOCK TABLES `categoria` WRITE;
/*!40000 ALTER TABLE `categoria` DISABLE KEYS */;
INSERT INTO `categoria` VALUES (1,'Tonner'),(2,'Tinta');
/*!40000 ALTER TABLE `categoria` ENABLE KEYS */;
UNLOCK TABLES;

--
-- Table structure for table `entrada`
--

DROP TABLE IF EXISTS `entrada`;
/*!40101 SET @saved_cs_client     = @@character_set_client */;
/*!50503 SET character_set_client = utf8mb4 */;
CREATE TABLE `entrada` (
  `id` int NOT NULL AUTO_INCREMENT,
  `produto` varchar(50) NOT NULL,
  `categoria` varchar(30) NOT NULL,
  `descricao` varchar(100) DEFAULT NULL,
  `quantidade` int NOT NULL,
  `data_entrada` date NOT NULL,
  `hora_entrada` time NOT NULL,
  PRIMARY KEY (`id`)
) ENGINE=InnoDB AUTO_INCREMENT=120 DEFAULT CHARSET=utf8mb3;
/*!40101 SET character_set_client = @saved_cs_client */;

--
-- Dumping data for table `entrada`
--

LOCK TABLES `entrada` WRITE;
/*!40000 ALTER TABLE `entrada` DISABLE KEYS */;
INSERT INTO `entrada` VALUES (1,'T06','Tonner','Only                                            ',26,'2023-12-20','13:54:37'),(2,'283A','Tonner','',9,'2023-12-20','13:55:56'),(3,'TN580','Tonner','',8,'2023-12-20','13:57:39'),(4,'CE 310','Tonner','',2,'2023-12-20','13:58:42'),(5,'CE 311','Tonner','',2,'2023-12-20','13:58:51'),(6,'CE 312','Tonner','',2,'2023-12-20','13:59:00'),(7,'CE 313','Tonner','',2,'2023-12-20','13:59:11'),(8,'285A','Tonner','                                            ',17,'2023-12-20','13:59:19'),(9,'285A','Tonner','',2,'2023-12-20','13:59:51'),(10,'CF410','Tonner','only',1,'2024-01-10','14:58:46'),(11,'CF412','Tonner','only',1,'2024-01-10','15:08:12'),(13,'CF411','Tonner','only',1,'2024-01-10','15:09:42'),(14,'DR750','Tonner','only                      ',7,'2024-01-10','15:10:25'),(15,'TN750','Tonner','only',6,'2024-01-10','15:10:59'),(16,'285A','Tonner','only',4,'2024-01-10','15:11:41'),(17,'T06','Tonner','only',2,'2024-01-10','15:12:00'),(18,'T06','Tonner','only',1,'2024-01-10','15:12:20'),(19,'285A','Tonner','only',2,'2024-01-10','15:12:49'),(20,'285A','Tonner','only',4,'2024-01-19','16:27:28'),(21,'TN750','Tonner','only troca',2,'2024-01-29','15:31:22'),(22,'TN750','Tonner','only troca                      ',0,'2024-01-29','15:33:00'),(23,'D203U','Tonner','only',2,'2024-01-29','15:34:16'),(24,'CE 311','Tonner','only',1,'2024-01-31','16:07:02'),(25,'CE 312','Tonner','only',1,'2024-01-31','16:07:40'),(26,'CE 313','Tonner','only',1,'2024-01-31','16:07:55'),(27,'CE314','Tonner','only',1,'2024-01-31','16:08:35'),(28,'CE 310','Tonner','only',1,'2024-01-31','16:08:56'),(29,'D203U','Tonner','Only',3,'2024-02-07','16:03:06'),(30,'285A','Tonner','Only',3,'2024-02-07','16:03:30'),(31,'T06','Tonner','',15,'2024-02-16','12:51:50'),(32,'285A','Tonner','Milton Monti',1,'2024-02-21','15:19:24'),(33,'TN750','Tonner','Milton Monti',1,'2024-02-21','15:20:50'),(34,'CE 310','Tonner','',1,'2024-02-28','13:39:21'),(35,'CE 311','Tonner','',1,'2024-02-28','13:39:32'),(36,'CE 312','Tonner','',1,'2024-02-28','13:39:46'),(37,'CE 313','Tonner','',1,'2024-02-28','13:39:58'),(38,'285A','Tonner','',6,'2024-02-28','13:40:08'),(39,'D203U','Tonner','',4,'2024-02-28','13:40:21'),(40,'T06','Tonner','',12,'2024-03-08','08:06:32'),(41,'DR750','Tonner','',4,'2024-03-08','08:06:47'),(42,'TN750','Tonner','',4,'2024-03-08','08:07:11'),(43,'CE 313','Tonner','',1,'2024-03-08','13:58:08'),(44,'T06','Tonner','only',10,'2024-04-16','14:45:26'),(45,'T06','Tonner','123',11,'2024-05-14','16:19:36'),(46,'283A','Tonner','123',11,'2024-05-14','16:19:51'),(47,'285A','Tonner','12',12,'2024-05-14','16:20:09'),(48,'TN750','Tonner','12',4,'2024-05-14','16:20:31'),(49,'DR750','Tonner','234',6,'2024-05-14','16:20:54'),(50,'CE314','Tonner','',1,'2024-05-14','16:21:15'),(51,'CF413','Tonner','',1,'2024-05-14','16:22:18'),(52,'CF412','Tonner','23',1,'2024-05-14','16:23:14'),(53,'CF412','Tonner','1',1,'2024-05-14','16:23:25'),(54,'T06','Tonner','123',16,'2024-05-23','11:09:37'),(55,'ML2850','Tonner','123',1,'2024-05-23','11:10:01'),(56,'TN750','Tonner','AUGUSTO REIS DEVOLVEU PORQUE PEGOU ERRADO.',1,'2024-06-13','10:45:43'),(57,'CF412','Tonner','',4,'2024-07-17','15:53:30'),(58,'T06','Tonner','',10,'2024-07-17','15:54:28'),(59,'DR620','Tonner','                      ',7,'2024-07-17','15:54:40'),(60,'TN750','Tonner','',5,'2024-07-17','15:54:58'),(61,'285A','Tonner','',8,'2024-07-17','15:55:41'),(62,'CF410','Tonner','',2,'2024-07-17','15:56:06'),(63,'CF411','Tonner','',2,'2024-07-17','15:56:23'),(64,'T06','Tonner','',10,'2024-08-05','07:48:41'),(65,'T06','Tonner','',10,'2024-08-29','07:33:22'),(66,'285A','Tonner','',10,'2024-08-29','07:34:27'),(67,'DR750','Tonner','',4,'2024-08-29','07:34:50'),(68,'CE314','Tonner','',2,'2024-08-29','07:35:52'),(69,'283A','Tonner','',12,'2024-08-29','07:36:11'),(70,'W1030x','Tonner','',12,'2024-08-29','07:36:45'),(71,'W1030x','Tonner','',10,'2024-09-16','16:18:24'),(72,'285A','Tonner','',10,'2024-09-16','16:18:59'),(73,'T06','Tonner','.',10,'2024-11-18','15:06:38'),(74,'285A','Tonner','',10,'2024-11-19','08:04:41'),(75,'DR750','Tonner','',4,'2024-12-02','08:24:16'),(76,'D203U','Tonner','',4,'2024-12-02','08:24:58'),(77,'T06','Tonner','',7,'2024-12-09','16:16:59'),(78,'TN580','Tonner','',7,'2024-12-09','16:18:02'),(79,'ML2850','Tonner','',1,'2024-12-09','16:18:14'),(80,'W2020','Tonner','                      ',4,'2024-12-09','16:18:33'),(81,'W2021','Tonner','                      ',3,'2024-12-09','16:18:48'),(82,'W2022','Tonner','                      ',4,'2024-12-09','16:18:57'),(83,'W2023','Tonner','',1,'2024-12-09','16:19:11'),(84,'283A','Tonner','',6,'2024-12-09','16:19:23'),(85,'T06','Tonner','',15,'2024-12-12','14:36:35'),(86,'tn1060','Tonner','',4,'2024-12-26','15:55:13'),(87,'DR1000','Tonner','                      ',3,'2024-12-26','15:55:36'),(88,'DR1000','Tonner','',3,'2024-12-26','15:55:54'),(89,'285A','Tonner','',6,'2024-12-26','15:56:11'),(90,'285A','Tonner','',10,'2025-02-12','09:40:40'),(91,'W2020','Tonner','',1,'2025-02-12','09:42:06'),(92,'W2021','Tonner','',2,'2025-02-12','09:42:48'),(93,'W2023','Tonner','',1,'2025-02-12','09:43:57'),(94,'W2023','Tonner','',1,'2025-02-12','09:44:22'),(95,'D203U','Tonner','',3,'2025-02-12','09:44:45'),(96,'TN750','Tonner','',6,'2025-02-12','09:45:07'),(97,'T06','Tonner','',5,'2025-02-19','15:31:13'),(98,'TN750','Tonner','',4,'2025-02-19','15:32:43'),(99,'285A','Tonner','',5,'2025-02-19','15:33:06'),(100,'T544','Tinta','',3,'2025-02-19','15:39:25'),(101,'T543','Tinta','',3,'2025-02-19','15:39:45'),(102,'T542','Tinta','',3,'2025-02-19','15:39:57'),(103,'T541','Tonner','',3,'2025-02-19','15:40:09'),(104,'05X80X','Tonner','',4,'2025-02-20','13:29:58'),(105,'D203U','Tonner','1',1,'2025-03-25','15:23:17'),(106,'285A','Tonner','1',4,'2025-03-25','15:23:35'),(107,'D203U','Tonner','1',5,'2025-03-25','15:23:59'),(108,'T06','Tonner','',5,'2025-03-25','15:24:43'),(109,'T06','Tonner','',3,'2025-05-07','16:36:56'),(110,'D203U','Tonner','',4,'2025-05-07','08:35:36'),(111,'T06','Tonner','',10,'2025-05-16','10:52:55'),(112,'T06','Tonner','qweqew',15,'2025-06-10','07:59:43'),(113,'T06','Tonner','qweqew',15,'2025-06-10','07:59:43'),(114,'W1030x','Tonner','123http://70.50.50.47:8091/pages/estoque/entrada.php',5,'2025-06-10','08:00:03'),(115,'285A','Tonner','123123',5,'2222-02-01','08:00:25'),(116,'Q7553','Tonner','2222',2,'2025-02-22','08:00:40'),(117,'DR750','Tonner','',5,'2205-02-22','08:01:01'),(118,'T06','Tonner','ONLY',15,'2025-11-18','10:03:29'),(119,'285A','Tonner','ONLY',10,'2025-11-18','10:04:01');
/*!40000 ALTER TABLE `entrada` ENABLE KEYS */;
UNLOCK TABLES;

--
-- Table structure for table `estoque`
--

DROP TABLE IF EXISTS `estoque`;
/*!40101 SET @saved_cs_client     = @@character_set_client */;
/*!50503 SET character_set_client = utf8mb4 */;
CREATE TABLE `estoque` (
  `id_produto` int NOT NULL AUTO_INCREMENT,
  `produto` varchar(50) NOT NULL,
  `categoria` varchar(50) NOT NULL,
  `quantidade` int DEFAULT NULL,
  `minimo` int NOT NULL,
  `ideal` int NOT NULL,
  PRIMARY KEY (`id_produto`)
) ENGINE=InnoDB AUTO_INCREMENT=42 DEFAULT CHARSET=latin1;
/*!40101 SET character_set_client = @saved_cs_client */;

--
-- Dumping data for table `estoque`
--

LOCK TABLES `estoque` WRITE;
/*!40000 ALTER TABLE `estoque` DISABLE KEYS */;
INSERT INTO `estoque` VALUES (1,'T06     ','Tonner',0,4,8),(2,'283A ','Tonner',12,4,8),(3,'TN580  ','Tonner',4,4,8),(8,'285A  ','Tonner',0,6,8),(9,'TN750   ','Tonner',3,8,8),(10,'CE314 ','Tonner',5,2,2),(11,'CF410 ','Tonner',0,2,2),(12,'CF411 ','Tonner',2,2,2),(13,'CF412 ','Tonner',4,2,2),(14,'CF413 ','Tonner',1,2,2),(15,'W2020 ','Tonner',3,2,2),(16,'W2021 ','Tonner',2,2,2),(17,'W2022 ','Tonner',3,2,2),(18,'W2023  ','Tonner',0,2,2),(19,'D101 ','Tonner',2,4,6),(20,'ML1665  ','Tonner',2,2,2),(21,'ML2850  ','Tonner',1,2,2),(22,'DR620 ','Tonner',13,4,6),(23,'05X80X ','Tonner',6,2,2),(24,'Q7553 ','Tonner',4,2,2),(25,'208L ','Tonner',0,2,2),(26,'DR750 ','Tonner',4,6,8),(27,'D203U   ','Tonner',2,4,6),(28,'W1030x','Tonner',0,2,5),(29,'DR1000','Tonner',3,1,1),(30,'tn1060','Tonner',0,1,1),(31,'T544','Tinta',3,3,3),(32,'T543','Tinta',3,3,5),(33,'T542','Tinta',3,1,5),(34,'T541','Tonner',3,1,5),(35,'CE310','Tonner',2,2,2),(36,'CE311','Tonner',2,2,2),(37,'CE312','Tonner',2,2,2),(38,'CE313','Tonner',2,2,2),(39,'R 53X/49X','Tonner',2,0,2),(40,'TN 34725','Tonner',1,0,1),(41,'TESTE123','Tonner',0,1,5);
/*!40000 ALTER TABLE `estoque` ENABLE KEYS */;
UNLOCK TABLES;

--
-- Table structure for table `produto`
--

DROP TABLE IF EXISTS `produto`;
/*!40101 SET @saved_cs_client     = @@character_set_client */;
/*!50503 SET character_set_client = utf8mb4 */;
CREATE TABLE `produto` (
  `id_produto` int NOT NULL AUTO_INCREMENT,
  `nome` varchar(50) NOT NULL,
  `categoria` varchar(50) NOT NULL,
  PRIMARY KEY (`id_produto`)
) ENGINE=InnoDB AUTO_INCREMENT=42 DEFAULT CHARSET=latin1;
/*!40101 SET character_set_client = @saved_cs_client */;

--
-- Dumping data for table `produto`
--

LOCK TABLES `produto` WRITE;
/*!40000 ALTER TABLE `produto` DISABLE KEYS */;
INSERT INTO `produto` VALUES (1,'T06     ','Tonner'),(2,'283A ','Tonner'),(3,'TN580  ','Tonner'),(8,'285A  ','Tonner'),(9,'TN750   ','Tonner'),(10,'CE314 ','Tonner'),(11,'CF410 ','Tonner'),(12,'CF411 ','Tonner'),(13,'CF412 ','Tonner'),(14,'CF413 ','Tonner'),(15,'W2020 ','Tonner'),(16,'W2021 ','Tonner'),(17,'W2022 ','Tonner'),(18,'W2023  ','Tonner'),(19,'D101 ','Tonner'),(20,'ML1665  ','Tonner'),(21,'ML2850  ','Tonner'),(22,'DR620 ','Tonner'),(23,'05X80X ','Tonner'),(24,'Q7553 ','Tonner'),(25,'208L ','Tonner'),(26,'DR750 ','Tonner'),(27,'D203U   ','Tonner'),(28,'W1030x','Tonner'),(29,'DR1000','Tonner'),(30,'tn1060','Tonner'),(31,'T544','Tinta'),(32,'T543','Tinta'),(33,'T542','Tinta'),(34,'T541','Tonner'),(35,'CE310','Tonner'),(36,'CE311','Tonner'),(37,'CE312','Tonner'),(38,'CE313','Tonner'),(39,'R 53X/49X','Tonner'),(40,'TN 34725','Tonner'),(41,'TESTE123','Tonner');
/*!40000 ALTER TABLE `produto` ENABLE KEYS */;
UNLOCK TABLES;

--
-- Table structure for table `saida`
--

DROP TABLE IF EXISTS `saida`;
/*!40101 SET @saved_cs_client     = @@character_set_client */;
/*!50503 SET character_set_client = utf8mb4 */;
CREATE TABLE `saida` (
  `id` int NOT NULL AUTO_INCREMENT,
  `produto` varchar(50) NOT NULL,
  `categoria` varchar(30) NOT NULL,
  `descricao` varchar(100) DEFAULT NULL,
  `quantidade` int NOT NULL,
  `data_saida` date NOT NULL,
  `hora_saida` time NOT NULL,
  PRIMARY KEY (`id`)
) ENGINE=InnoDB AUTO_INCREMENT=969 DEFAULT CHARSET=utf8mb3;
/*!40101 SET character_set_client = @saved_cs_client */;

--
-- Dumping data for table `saida`
--

LOCK TABLES `saida` WRITE;
/*!40000 ALTER TABLE `saida` DISABLE KEYS */;
INSERT INTO `saida` VALUES (3,'285A','Tonner','santa monica          ',1,'2023-12-21','09:40:47'),(4,'T06','Tonner','santa monica',1,'2023-12-21','09:41:23'),(5,'T06','Tonner','escola zigomar',2,'2023-12-21','10:10:46'),(6,'CF410','Tonner','angelo - educação                      ',2,'2023-12-21','13:57:01'),(9,'CF413','Tonner','angelo - educação',1,'2023-12-21','13:59:06'),(10,'CF411','Tonner','angelo - educação',1,'2023-12-21','14:09:52'),(11,'T06','Tonner','convenios - carol',1,'2023-12-22','15:10:54'),(12,'285A','Tonner','Eduardo Dellamonica',1,'2023-12-26','14:27:09'),(13,'T06','Tonner','Leonor',1,'2024-01-05','08:16:57'),(14,'T06','Tonner','Alessandro',1,'2024-01-05','08:17:19'),(15,'285A','Tonner','Aparecida',1,'2024-01-08','10:56:19'),(16,'T06','Tonner','checha - laboratorio',1,'2024-01-08','13:04:33'),(17,'T06','Tonner','aparecida',1,'2024-01-09','11:18:56'),(18,'285A','Tonner','vila rica',1,'2024-01-09','11:19:20'),(19,'285A','Tonner','sao geraldo',1,'2024-01-09','11:19:49'),(20,'T06','Tonner','andre - sao geraldo',1,'2024-01-09','13:08:13'),(21,'285A','Tonner','delamonica',1,'2024-01-10','15:20:58'),(22,'285A','Tonner','posto rafael',1,'2024-01-11','10:30:36'),(23,'TN580','Tonner','secretaria saude',1,'2024-01-11','10:35:07'),(24,'DR620','Tonner','secretaria saude',1,'2024-01-11','10:35:49'),(25,'T06','Tonner','Lilian Promoção',1,'2024-01-12','16:41:37'),(26,'T06','Tonner','Nidiane 1 Troca/1 Errado',2,'2024-01-15','09:18:09'),(27,'T06','Tonner','mario educação',1,'2024-01-15','10:57:22'),(28,'T06','Tonner','juridico',1,'2024-01-18','13:36:04'),(29,'TN750','Tonner','educação',2,'2024-01-18','14:21:13'),(30,'T06','Tonner','Cultura',1,'2024-01-18','14:36:29'),(31,'285A','Tonner','',2,'2024-01-18','14:37:06'),(32,'D203U','Tonner','Helio da Silva',1,'2024-01-19','10:23:15'),(33,'T06','Tonner','Tesouraria',1,'2024-01-22','08:02:24'),(35,'DR750','Tonner','educação',2,'2024-01-23','11:09:47'),(36,'TN750','Tonner','troca',2,'2024-01-23','11:10:35'),(37,'283A','Tonner','checha - lab',1,'2024-02-24','10:09:28'),(38,'TN580','Tonner','cras',2,'2024-01-24','10:55:32'),(39,'T06','Tonner','Larissa Patrimonio',1,'2024-01-25','14:01:29'),(40,'T06','Tonner','contabilidade',1,'2024-01-26','14:32:37'),(41,'T06','Tonner','Milton Monti',1,'2024-01-26','16:13:27'),(42,'ML2850','Tonner','Milton Monti',1,'2024-01-26','16:13:45'),(43,'T06','Tonner','Xexa',1,'2024-01-30','10:38:17'),(44,'T06','Tonner','Xexa',1,'0000-00-00','10:38:33'),(45,'CE 310','Tonner','',1,'2024-01-30','11:18:11'),(46,'CE 311','Tonner','gestao',1,'2024-01-30','11:18:31'),(47,'CE 312','Tonner','gestao',1,'2024-01-30','11:18:56'),(48,'CE 313','Tonner','gestao',1,'2024-01-30','11:19:14'),(49,'CE314','Tonner','gestao',1,'2024-01-30','11:19:50'),(50,'285A','Tonner','                      cras\r\n',1,'2024-01-31','09:20:39'),(51,'285A','Tonner','checha',1,'2024-02-01','10:58:54'),(52,'T06','Tonner','',1,'2024-02-01','14:26:45'),(53,'T06','Tonner','checha',1,'2024-02-01','14:56:05'),(54,'T06','Tonner','Xexa',1,'2024-02-02','09:19:50'),(55,'T06','Tonner','Divida Ativa',1,'2024-02-02','10:21:00'),(56,'T06','Tonner','RH',1,'2024-02-02','13:44:08'),(57,'D203U','Tonner','Augusto Reis',1,'2024-02-05','08:42:10'),(58,'285A','Tonner','santa monica',1,'2024-02-05','10:49:40'),(59,'D203U','Tonner','bordini',1,'2024-02-06','13:08:35'),(60,'285A','Tonner','Malote',1,'2024-02-07','10:31:52'),(61,'T06','Tonner','Ida Innocenti',1,'2024-02-07','11:01:11'),(62,'TN750','Tonner','Uva',1,'2024-02-07','16:03:49'),(63,'T06','Tonner','Regulação Saúde',1,'2024-02-09','14:41:47'),(64,'285A','Tonner','Posto Raphael',1,'2024-02-14','10:46:07'),(65,'283A','Tonner','Malote',1,'2024-02-15','16:17:32'),(66,'CE 310','Tonner','Engenharia',1,'2024-02-16','14:43:28'),(67,'CE 311','Tonner','Engenharia',1,'2024-02-16','14:43:54'),(68,'CE 312','Tonner','Engenharia',1,'2024-02-16','14:44:06'),(69,'CE 313','Tonner','Engenharia',1,'2024-02-16','14:44:24'),(70,'TN580','Tonner','Augusto Reis',1,'2024-02-20','08:52:20'),(71,'DR620','Tonner','Augusto Reis',1,'2024-02-20','08:52:40'),(72,'D203U','Tonner','Helio',1,'2024-02-20','08:53:01'),(73,'T06','Tonner','Walter Carrer',3,'2024-02-20','14:31:53'),(74,'T06','Tonner','Procon',1,'2024-02-21','09:45:07'),(75,'T06','Tonner','Milton Monti',1,'2024-02-21','15:19:06'),(76,'T06','Tonner','Farmacia Central',1,'2024-02-23','16:11:43'),(77,'TN750','Tonner','Saude Matriz',1,'2024-02-27','16:50:23'),(78,'DR750','Tonner','Saude Matriz',1,'2024-02-27','16:50:48'),(79,'T06','Tonner','Zigomar',3,'2024-02-28','12:12:40'),(80,'T06','Tonner','dagina',1,'2024-02-28','12:13:07'),(81,'TN580','Tonner','Ida Innocenti-',1,'2024-02-29','08:37:51'),(82,'TN580','Tonner','CRAS C1',1,'2024-02-29','14:35:18'),(83,'T06','Tonner','RH',1,'2024-03-01','08:21:16'),(84,'283A','Tonner','posto saude',1,'2024-03-01','08:21:45'),(85,'T06','Tonner','Dona Lola',1,'2024-03-04','10:11:16'),(86,'283A','Tonner','Posto São Geraldo',2,'2024-03-06','08:49:12'),(87,'CE 313','Tonner','Comunicação',1,'2024-03-08','10:11:32'),(88,'W2023','Tonner','Comunicação',1,'2024-03-08','13:58:24'),(89,'285A','Tonner','Posto Aparecida',1,'2024-03-12','11:01:21'),(90,'T06','Tonner','Joana Madoglio',1,'2024-03-12','13:36:20'),(91,'TN580','Tonner','Zigomar',1,'2024-03-13','11:26:08'),(92,'T06','Tonner','Santa Monica',1,'2024-03-13','15:14:30'),(93,'T06','Tonner','Dcpo',1,'2024-03-14','13:10:18'),(94,'T06','Tonner','Obras',1,'2024-03-18','16:02:19'),(95,'285A','Tonner','ajuste de estoque',3,'2024-03-19','08:08:55'),(96,'TN580','Tonner','ajuste de estoque',1,'2024-03-19','08:16:41'),(97,'TN750','Tonner','uva',1,'2024-03-20','09:39:36'),(98,'285A','Tonner','guilherme saude',1,'2024-03-20','10:53:23'),(99,'05X80X','Tonner','pat',1,'2024-03-20','10:53:44'),(100,'T06','Tonner','carrer',2,'2024-03-21','09:29:14'),(101,'285A','Tonner','saude',2,'2024-03-22','11:10:33'),(102,'283A','Tonner','laboratorio',1,'2024-03-22','11:10:52'),(103,'D203U','Tonner','augusto reis',1,'2024-03-22','11:11:23'),(104,'T06','Tonner','ida inocent',1,'2024-03-22','11:11:38'),(105,'T06','Tonner','leonor',2,'2024-03-26','10:59:10'),(106,'TN750','Tonner','geraldo pascon',4,'2024-03-26','13:10:01'),(107,'T06','Tonner','milton monti',2,'2024-03-27','14:14:52'),(108,'285A','Tonner','obras',1,'2024-03-27','16:37:59'),(109,'TN580','Tonner','zigomar',1,'2024-04-01','15:30:11'),(110,'T06','Tonner','ida',1,'2024-04-01','15:30:47'),(111,'DR620','Tonner','zigomar',1,'2024-04-01','15:31:31'),(112,'W2020','Tonner','comunicação',1,'2024-04-01','15:31:53'),(113,'D203U','Tonner','Helio da Silva',1,'2024-04-02','09:35:43'),(114,'W2021','Tonner','Comunicação',1,'2024-04-02','09:36:10'),(115,'DR620','Tonner','zigomar',1,'2024-04-03','10:56:50'),(116,'T06','Tonner','Zigomar',2,'2024-04-03','10:57:20'),(117,'T06','Tonner','meio ambiente',1,'2024-04-03','10:57:31'),(118,'D203U','Tonner','postao',1,'2024-04-03','15:27:23'),(119,'T06','Tonner','Postao',1,'2024-04-03','15:27:43'),(120,'285A','Tonner','Saúde',2,'2024-04-04','10:27:50'),(121,'D203U','Tonner','Bordini',1,'2024-04-04','12:58:10'),(122,'T06','Tonner','Leonor',1,'2024-04-04','15:08:01'),(124,'D203U','Tonner','Augusto Reis',1,'2024-04-05','08:24:06'),(125,'285A','Tonner','Posto Vila Rica         ',1,'2024-04-08','10:22:07'),(126,'T06','Tonner','Posto Santa Mônica',1,'2024-04-08','14:45:32'),(127,'T06','Tonner','Creche Aparecida',1,'2024-04-08','15:55:47'),(128,'T06','Tonner','Gestão',1,'2024-04-10','07:45:38'),(129,'T06','Tonner','RH',1,'2024-04-10','09:08:17'),(130,'T06','Tonner','Walter Carrer',2,'2024-04-10','10:05:09'),(131,'T06','Tonner','Guarda',1,'2024-04-10','14:54:23'),(132,'T06','Tonner','Saúde',1,'2024-04-15','11:28:35'),(133,'285A','Tonner','Saúde',1,'2024-04-15','11:29:02'),(134,'D203U','Tonner','Educação',1,'2024-04-15','11:31:59'),(135,'T06','Tonner','Milton Monti',1,'2024-04-16','14:24:28'),(136,'T06','Tonner','Compras',1,'2024-04-16','14:45:53'),(137,'T06','Tonner','Defeito',1,'2024-04-16','14:49:23'),(138,'T06','Tonner','Leonor',1,'2024-04-16','14:49:38'),(139,'D203U','Tonner','Xexa',1,'2024-04-17','10:25:19'),(140,'T06','Tonner','CSII',1,'2024-04-17','15:22:59'),(141,'D203U','Tonner','Augusto Reis',1,'2024-04-18','11:29:32'),(142,'D203U','Tonner','Augusto Reis',1,'2024-04-18','11:29:32'),(143,'283A','Tonner','xexa',1,'2024-04-19','08:51:12'),(144,'TN580','Tonner','Augusto Reis',2,'2024-04-25','10:40:47'),(145,'T06','Tonner','Escola',1,'2024-04-25','10:42:43'),(146,'285A','Tonner','ESF SÃO GERALDO',1,'2024-04-29','14:02:48'),(147,'285A','Tonner','DIRETORIA DE GESTÃO E SERVIÇOS',1,'2024-04-29','14:43:30'),(148,'285A','Tonner','CSII',1,'2024-04-27','15:26:16'),(149,'T06','Tonner','DEPARTAMENTO PESSOAL',1,'2024-04-30','08:15:33'),(150,'285A','Tonner','GUARDA MUNICIPAL',1,'2024-04-30','09:46:25'),(151,'T06','Tonner','ESCOLA ZIGOMAR AUGUSTO (DEISE)',1,'2024-05-02','10:47:00'),(152,'285A','Tonner','ESCOLA ZIGOMAR AUGUSTO (DEISE)',1,'2024-05-02','10:47:35'),(153,'285A','Tonner','DIRETORIA DE SAÚDE',1,'2024-05-03','10:31:12'),(154,'283A','Tonner','LABORATÓRIO DA POLICLINICA',1,'2024-05-03','13:19:31'),(156,'TN750','Tonner','VIGILÂNCIA SANITÁRIA (VANDERLEI)',1,'2024-05-03','15:08:57'),(157,'DR750','Tonner','VIGILÂNCIA SANITÁRIA (VANDERLEI)',1,'2024-05-03','15:51:53'),(158,'T06','Tonner','EMEI JOANA MADÓGLIO ALMEIDA',1,'2024-05-06','07:42:43'),(159,'T06','Tonner','DIRETORIA DOS DIREITOS DA PESSOA COM DEFICIÊNCIA.',1,'2024-05-06','14:11:55'),(160,'285A','Tonner','MERENDA ESCOLAR (RETIRADO POR AMANDA)',1,'2024-05-07','08:57:44'),(165,'CE314','Tonner','DIRETORIA DE OBRAS',1,'2024-05-07','10:01:51'),(166,'T06','Tonner','ESCOLA IDA LUIZETTO (ESTELA)',1,'2024-05-06','10:06:37'),(167,'T06','Tonner','CRAS  CENTRO (NAIARA)',1,'2024-05-07','14:51:45'),(168,'285A','Tonner','ESF SANTA MONICA CINTHYA HIMENO',1,'2024-05-07','15:31:12'),(169,'T06','Tonner','CPD (TESTE SEM ENTREGA DO TONER VAZIO)',1,'2024-05-08','09:10:32'),(170,'T06','Tonner','TRIBUTAÇÃO (RETIRADO POR FERNANDO)',1,'2024-05-08','09:20:39'),(172,'285A','Tonner','ESF APARECIDA',1,'2024-05-08','14:25:21'),(173,'285A','Tonner','POSTO DE SAUDE COHAB1 (BRUNO)',1,'2024-05-08','14:25:54'),(174,'D203U','Tonner','ESCOLA AUGUSTO REIS (RETIRADO ANGELIZA)',1,'2024-05-09','07:59:25'),(175,'TN750','Tonner','EMEFEI PROFESSOR GERALDO PASCON (CAROL)',2,'2024-05-09','13:19:00'),(176,'DR750','Tonner','EMEFEI PROFESSOR GERALDO PASCON (CAROL)',2,'2024-05-09','13:20:11'),(177,'D203U','Tonner','ESCOLA HÉLIO DA SILVA (BETE)',1,'2024-05-10','08:44:30'),(178,'T06','Tonner','ESCOLA PROF. VALTER CARRER (DALVA)',1,'2024-05-13','08:30:56'),(179,'T06','Tonner','CAPS APARECIDA (DIEGO)',1,'2024-05-10','09:54:31'),(181,'283A','Tonner','LABORATÓRIO MUNICIPAL',1,'2024-05-13','15:34:55'),(183,'T06','Tonner','FARMÁCIA CENTRAL (GUILHERME)',1,'2024-05-15','11:13:27'),(184,'285A','Tonner','ESF DR RAFAEL (GIVANILDA)',2,'2024-05-16','10:52:34'),(185,'T06','Tonner','POSTO DE SAÚDE SANTA MÔNICA (CYNTÍA)',1,'2024-05-17','08:20:09'),(186,'T06','Tonner','CRECHE DONA LOLA',1,'2024-05-17','09:59:38'),(187,'TN750','Tonner','RECEPÇÃO SAÚDE',1,'2024-05-17','14:30:31'),(188,'T06','Tonner','DALVA WALTER CARRER ESCOLA',2,'2024-05-20','10:53:14'),(189,'D203U','Tonner','ESCOLA AUGUSTO REIS',1,'2024-05-21','09:01:19'),(190,'ML2850','Tonner','ESCOLA AUGUSTO REIS',1,'2024-05-21','09:02:04'),(191,'285A','Tonner','ESF PAULO JUSTO APARECIDA',1,'2024-05-21','10:46:50'),(192,'T06','Tonner','ESCOLA ZIGOMAR AUGUSTO',2,'2024-05-22','10:30:42'),(193,'TN580','Tonner','ZIGOMAR AUGUSTO',1,'2024-05-22','10:31:13'),(194,'T06','Tonner','JANAINA SETOR TURISMO',1,'2024-05-22','15:10:04'),(195,'T06','Tonner','TESOURARIA',1,'2024-05-22','16:03:13'),(196,'T06','Tonner','VALDIRENE MILTON MONTI',2,'2024-05-23','09:05:00'),(197,'285A','Tonner','POSTO DE SAUDE DR RAPHAEL LHAMAS FRANCO',2,'2024-05-27','15:27:24'),(198,'W2022','Tonner','NETO COMUNICAÇÃO.',1,'2024-05-28','09:07:47'),(199,'W2021','Tonner','NETO COMUNICAÇÃO.',1,'2024-05-28','09:08:27'),(200,'W2020','Tonner','LUCAS CPD',1,'2024-05-28','15:13:30'),(201,'W2021','Tonner','LUCAS CPD',1,'2024-05-28','15:13:51'),(202,'W2022','Tonner','LUCAS CPD',1,'2024-05-28','15:14:08'),(203,'W2023','Tonner','LUCAS CPD',1,'2024-05-28','15:14:24'),(204,'W2020','Tonner','DIRETORIA DE SAUDE',1,'2024-05-28','16:04:36'),(205,'W2023','Tonner','DIRETORIA DE SAUDE',1,'2024-05-28','16:05:06'),(206,'T06','Tonner','TATI MERENDA ESCOLAR',1,'2024-06-03','10:08:29'),(207,'T06','Tonner','IDA INNOCENTI (ESTELA)',1,'2024-06-03','14:37:41'),(209,'285A','Tonner','ESF SÃO GERALDO (THARLES)',1,'2024-06-04','09:39:09'),(211,'CE314','Tonner','ENGENHARIA',1,'2024-06-04','14:49:08'),(212,'TN580','Tonner','CCI (ÉRICA)                      ',2,'2024-06-04','14:49:46'),(213,'T06','Tonner','POSTO DA COHAB 1 (BRUNO)',1,'2024-06-05','10:21:40'),(214,'285A','Tonner','POSTO DE SAUDE COHAB 3',1,'2024-06-06','16:08:08'),(215,'285A','Tonner','POSTO DE SAUDE SANTA MONICA',1,'2024-06-06','16:09:11'),(216,'TN750','Tonner','KAREN CONTROLE DE ZOONOSES',1,'2024-06-06','16:11:37'),(217,'T06','Tonner','POSTO DE SAUDE COHAB 1',1,'2024-06-07','11:13:13'),(218,'283A','Tonner','POLICLINICA',1,'2024-06-07','14:16:54'),(219,'285A','Tonner','CULTURA',1,'2024-06-10','09:28:34'),(220,'T06','Tonner','DALVA WALTER CARRER',3,'2024-06-10','10:51:08'),(221,'T06','Tonner','DIRETORIA DE SAUDE',1,'2024-06-10','11:34:05'),(222,'D203U','Tonner','DIRETORIA DE SAUDE',1,'2024-06-11','09:25:43'),(223,'283A','Tonner','DIRETORIA DE SAUDE',1,'2024-06-11','15:11:34'),(224,'T06','Tonner','POSTO DE SAUDE COHAB 1',1,'2024-06-11','15:50:00'),(225,'283A','Tonner','POSTO DE SAUDE VILA RICA',1,'2024-06-12','09:46:41'),(226,'TN580','Tonner','ESCOLA AUGUSTO REIS',2,'2024-06-13','10:41:38'),(227,'T06','Tonner','POSTO DE SAUDE CSII',1,'2024-06-13','14:45:35'),(228,'T06','Tonner','DIRETORIA DE SAUDE',1,'2024-06-13','15:44:45'),(229,'T06','Tonner','DEISE ZIGOMAR',2,'2024-06-14','10:06:43'),(230,'285A','Tonner','DEISE ZIGOMAR',1,'2024-06-14','10:14:15'),(231,'T06','Tonner','POLICLINICA',1,'2024-06-14','15:43:31'),(232,'D203U','Tonner','ESCOLA AUGUSTO REIS.',1,'2024-06-18','14:24:32'),(233,'T06','Tonner','ESCOLA MILTON MONTI',1,'2024-06-18','15:54:15'),(234,'TN750','Tonner','ESCOLA GERALDO PASCON',2,'2024-06-18','08:20:53'),(235,'DR750','Tonner','ESCOLA GERALDO PASCON',2,'2024-06-18','08:22:39'),(236,'T06','Tonner','DIRETORIA DE CULTURA',1,'2024-06-19','09:20:37'),(237,'T06','Tonner','ESCOLA DAGINA',1,'2024-06-19','14:29:22'),(238,'285A','Tonner','ESCOLA DAGINA',1,'2024-06-19','14:29:40'),(239,'D203U','Tonner','ESCOLA HELIO DA SILVA',1,'2024-06-19','14:30:15'),(240,'T06','Tonner','POSTO CSII',1,'2024-06-19','15:49:09'),(241,'T06','Tonner','ESCOLA DAGINA',1,'2024-06-20','09:42:09'),(242,'T06','Tonner','ESCOLA IDA',1,'2024-06-20','09:42:33'),(243,'T06','Tonner','MURILO CPD',1,'2024-06-21','09:02:47'),(244,'TN580','Tonner','AUGUSTO REIS',1,'2024-06-24','11:25:32'),(245,'DR620','Tonner','AUGUSTO REIS',1,'2024-06-24','11:25:57'),(246,'D203U','Tonner','AUGUSTO REIS',1,'2024-06-24','11:26:35'),(247,'T06','Tonner','GESTAO',1,'2024-06-24','15:18:10'),(248,'T06','Tonner','ESCOLA BORDINI',1,'2024-06-26','07:54:38'),(249,'285A','Tonner','POSTO DE SAUDE COHAB 1',1,'2024-06-27','10:43:29'),(250,'T06','Tonner','DALVA WALTER CARRER',2,'2024-06-28','08:48:22'),(251,'285A','Tonner','POSTO DE SAUDE DR RAPHAEL',1,'2024-06-28','10:21:06'),(252,'CF410','Tonner','EDUCAÇÃO',1,'2024-06-27','10:27:53'),(253,'CF413','Tonner','EDUCAÇÃO',1,'2024-06-27','10:28:27'),(254,'CF410','Tonner','EDUCAÇÃO',1,'2024-06-27','10:28:48'),(255,'CF411','Tonner','EDUCAÇÃO',1,'2024-06-27','10:29:13'),(256,'CF412','Tonner','EDUCAÇÃO',1,'2024-06-27','10:29:36'),(257,'T06','Tonner','MURILO PEGOU PARA A EDUCAÇÃO',1,'2024-07-02','13:50:34'),(258,'T06','Tonner','DIRETORIA DE SAUDE',1,'2024-07-02','13:50:55'),(259,'285A','Tonner','DIRETORIA DE SAUDE',1,'2024-07-02','13:51:22'),(260,'283A','Tonner','DIRETORIA DE SAUDE',1,'2024-07-02','13:51:53'),(261,'DR750','Tonner','FERNANDA GERALDO PASCON',2,'2024-07-04','14:48:39'),(262,'TN750','Tonner','FERNANDA GERALDO PASCON',1,'2024-07-04','14:49:37'),(263,'D203U','Tonner','FERNANDA GERALDO PASCON',1,'2024-07-04','14:50:11'),(264,'285A','Tonner','PAT',2,'2024-07-04','14:54:22'),(266,'283A','Tonner','Diretoria de Saúde',1,'2024-07-10','08:51:13'),(267,'T06','Tonner','DEPARTAMENTO PESSOAL (ÉRICA)',1,'2024-07-10','09:02:05'),(268,'T06','Tonner','DEPARTAMENTO PESSOAL (ÉRICA)',1,'2024-07-10','09:02:05'),(269,'T06','Tonner','TRIBUTAÇÃO',1,'2024-07-10','09:25:58'),(270,'T06','Tonner','TRIBUTAÇÃO',1,'2024-07-10','09:25:58'),(271,'T06','Tonner','POLICLINICA',1,'2024-07-10','15:21:02'),(272,'T06','Tonner','POLICLINICA',1,'2024-07-11','08:22:48'),(273,'T06','Tonner','POLICLINICA',1,'2024-07-11','08:22:48'),(274,'T06','Tonner','EMEI JOANA MADÓLIO DE ALMEIDA',1,'2024-07-11','13:14:23'),(275,'T06','Tonner','POLICLINICA',1,'2024-07-11','15:34:13'),(276,'T06','Tonner','SEGURANÇA DO TRABALHO',1,'2024-07-17','15:26:09'),(277,'285A','Tonner','         POSTO DE SAÚDE VILA RICA            ',1,'2024-07-18','07:42:26'),(278,'T06','Tonner','SAÚDE REGULAÇÃO',1,'2024-07-18','07:43:16'),(279,'285A','Tonner','DIRETORIA DE SAÚDE.',1,'2024-07-18','08:48:39'),(280,'285A','Tonner','POSTO VILA RICA',1,'2024-07-19','10:06:58'),(281,'283A','Tonner','POSTO VILA RICA',1,'2024-07-19','10:07:20'),(282,'285A','Tonner','ESF APARECIDA',1,'2024-07-19','10:53:25'),(283,'CE314','Tonner','               SETOR DE OBRAS E ENGENHARIA       ',1,'2024-07-22','14:25:05'),(284,'285A','Tonner','POSTO DE SAÚDE SANTA MÔNICA',1,'2024-07-22','15:37:56'),(285,'285A','Tonner','Merenda Escolar',1,'2024-07-23','10:23:54'),(286,'ML2850','Tonner','ESCOLA MILTON MONTI',1,'2024-07-25','09:05:47'),(287,'T06','Tonner','CRAS',1,'2024-07-25','09:57:47'),(288,'T06','Tonner','POSTO VILA RICA',1,'2024-07-25','15:47:41'),(289,'T06','Tonner','ESCOLA ZIGOMAR AUGUSTO',2,'2024-07-26','09:42:41'),(290,'TN580','Tonner','ESCOLA ZIGOMAR AUGUSTO',1,'2024-07-26','15:45:04'),(291,'T06','Tonner','Diretoria do Cras',1,'2024-07-31','08:37:42'),(292,'T06','Tonner','Posto de saude Dr Raphael',1,'2024-07-31','10:35:46'),(293,'285A','Tonner','Posto de saude Dr Raphael',1,'2024-07-31','10:36:42'),(294,'D203U','Tonner','Escola Helio da Silva',1,'2024-07-31','10:39:53'),(295,'D203U','Tonner','Escola Augusto Reis',1,'2024-07-31','10:52:02'),(296,'283A','Tonner','DIRETOTIA DE SAUDE',1,'2024-08-02','10:12:15'),(297,'T06','Tonner','Escola Ida',1,'2024-08-02','11:02:38'),(298,'285A','Tonner','LUCAS CPD.',1,'2024-08-02','15:11:42'),(299,'283A','Tonner','ESF SÃO GERALDO',1,'2024-08-05','10:50:55'),(300,'T06','Tonner','C S II',1,'2024-08-06','16:15:37'),(301,'285A','Tonner','POSTO DE SAÚDE SÃO GERALDO',2,'2024-08-07','07:57:01'),(302,'TN750','Tonner','ESCOLA GERALDO PASCON',2,'2024-08-09','11:34:12'),(303,'DR750','Tonner','ESCOLA GERALDO PASCON',2,'2024-08-09','11:34:39'),(304,'T06','Tonner','EDUCAÇÃO',1,'2024-08-09','15:21:29'),(305,'285A','Tonner','EDUCAÇÃO',1,'2024-08-09','15:22:03'),(306,'T06','Tonner','ESCOLA VALTER CARRER',2,'2024-08-12','10:26:46'),(307,'285A','Tonner','CS II',1,'2024-08-12','15:23:03'),(308,'285A','Tonner','CS II',1,'2024-08-14','10:50:47'),(309,'05X80X','Tonner','P.A.T',1,'2024-08-20','15:08:01'),(310,'T06','Tonner','CAROL POSTO DE SAUDE COHAB 1',2,'2024-08-20','16:17:52'),(311,'T06','Tonner','ESCOLA MILTON MONTI',2,'2024-08-21','08:51:54'),(312,'T06','Tonner','DIRETORIA DE PROMOÇÃO SOCIAL',1,'2024-08-21','09:22:26'),(313,'T06','Tonner','POSTO DE SAUDE SÃO GERALDO',1,'2024-08-21','15:06:26'),(314,'285A','Tonner','POSTO DE SAUDE SÃO GERALDO',1,'2024-08-21','15:06:52'),(315,'T06','Tonner','ESCOLA LEODOMIRA',1,'2024-08-21','15:13:16'),(316,'285A','Tonner','SEGURANÇA DO TRABALHO',1,'2024-08-22','14:57:26'),(317,'285A','Tonner','POSTO VILA RICA',1,'2024-08-23','10:52:15'),(318,'285A','Tonner','POSTO SANTA MONICA',1,'2024-08-26','10:45:09'),(319,'D203U','Tonner','ESCOLA AUGUSTO REIS',1,'2024-08-27','10:45:59'),(320,'T06','Tonner','ESCOLA DAGINA',1,'2024-08-27','15:38:58'),(321,'285A','Tonner','DIRETORIA DE SAÚDE',1,'2024-08-28','10:55:59'),(322,'D203U','Tonner','ESCOLA HÉLIO DA SILVA',1,'2024-08-29','10:20:16'),(323,'283A','Tonner','LABORATÓRIO MUNICIPAL',1,'2024-08-30','15:20:50'),(324,'285A','Tonner','POSTO DE SAUDE',2,'2024-09-02','10:26:47'),(325,'T06','Tonner','PROJETO CRIANÇA FELIZ',1,'2024-09-02','14:53:53'),(326,'285A','Tonner','POSTO SAÚDE SANTA MÔNICA',1,'2024-09-03','10:39:28'),(328,'W1030x','Tonner','ESCOLA JOANA MADOGLIO',1,'2024-09-05','14:24:23'),(329,'T06','Tonner','ESCOLA DONA LEONOR MENDEES DE BARROS',1,'2024-09-06','08:38:26'),(330,'T06','Tonner','ESCOLA ZIGOMAR AUGUSTO',3,'2024-09-09','15:20:25'),(331,'285A','Tonner','ESF DR RAFAEL',1,'2024-09-10','14:24:50'),(332,'T06','Tonner','ESCOLA WALTER CARRER.',2,'2024-09-10','14:33:58'),(333,'T06','Tonner','ESCOLA IDA INNOCENTI',1,'2024-09-11','10:27:58'),(334,'Q7553','Tonner','PAT',1,'2024-09-11','13:50:55'),(335,'T06','Tonner','CS II',1,'2024-09-11','14:55:25'),(336,'T06','Tonner','CS II',1,'2024-09-11','16:31:32'),(337,'T06','Tonner','POSTO DE SAÚDE SANTA MÔNICA',1,'2024-09-13','09:28:50'),(338,'TN750','Tonner','TRIBUTAÇÃO',1,'2024-08-16','14:19:46'),(339,'DR620','Tonner','TRIBUTAÇÃO',1,'2024-09-16','15:53:40'),(340,'T06','Tonner','ESCOLA MILTON MONTI',1,'2024-09-18','08:44:37'),(342,'TN580','Tonner','CONSELHO TUTELAR',1,'2024-09-18','13:05:56'),(343,'T06','Tonner','ESCOLA WALTER CARRER                      ',1,'2024-09-19','10:20:40'),(344,'285A','Tonner','POSTO SAÚDE COHAB I',1,'2024-09-19','10:29:02'),(345,'285A','Tonner','E.S.F. VILA RICA',1,'2024-09-19','10:32:18'),(346,'T06','Tonner','POSTO DE SAÚDE APARECIDA',1,'2024-09-19','10:32:52'),(347,'T06','Tonner','PAULO PEGOU PARA O OBRAS.',1,'2024-09-19','15:04:09'),(348,'T06','Tonner','DIRETORIA DA SAÚDE',1,'2024-09-20','09:36:00'),(349,'285A','Tonner','DIRETORIA DE GESTÃO E SERVIÇOS',1,'2024-09-20','09:37:35'),(350,'283A','Tonner','POLICLÍNICA',1,'2024-09-20','14:11:59'),(351,'TN750','Tonner','DIRETORIA DE SAÚDE',1,'2024-09-20','14:13:07'),(352,'DR750','Tonner','DIRETORIA DE SAÚDE',1,'2024-09-20','14:13:51'),(353,'DR750','Tonner','TRIBUTAÇÃO',1,'2024-09-23','10:34:51'),(354,'285A','Tonner','POSTO DE SAÚDE COHAB I',1,'2024-09-23','11:16:25'),(355,'285A','Tonner','POSTO DE SAÚDE APARECIDA',1,'2024-09-23','11:16:50'),(356,'TN580','Tonner','ESCOLA AUGUSTO REIS',1,'2024-09-24','10:34:57'),(357,'T06','Tonner','DEPARTAMENTO PESSOAL',1,'2024-09-24','10:35:22'),(358,'DR750','Tonner','EMEI BORDINI',1,'2024-09-24','13:21:37'),(359,'TN750','Tonner','EMEI BORDINI',1,'2024-09-24','13:22:06'),(360,'T06','Tonner','EMEI BORDINI',1,'2024-09-24','13:22:20'),(361,'D203U','Tonner','ESCOLA HÉLIO DA SILVA',1,'2024-09-25','09:59:17'),(362,'D203U','Tonner','POLICLINICA',1,'2024-09-25','10:28:13'),(363,'Q7553','Tonner','PAT',1,'2024-09-26','10:54:28'),(364,'T06','Tonner','CRAS',1,'2024-09-26','10:58:07'),(365,'T06','Tonner','TRIBUTAÇÃO',1,'2024-09-27','10:01:08'),(366,'TN750','Tonner','TRIBUTAÇÃO',1,'2024-09-27','10:54:31'),(367,'DR750','Tonner','TRIBUTAÇÃO',1,'2024-09-27','10:55:18'),(368,'T06','Tonner','FARMÁCIA CENTRAL',1,'2024-09-27','15:40:46'),(369,'285A','Tonner','ESF SÃO GERALDO',1,'2024-09-30','10:44:47'),(370,'TN580','Tonner','ZIGOMAR AUGUSTO',1,'2024-09-30','14:20:16'),(371,'T06','Tonner','ESCOLA WALTER CARRER.',1,'2024-10-01','14:54:15'),(372,'T06','Tonner','CREAS',1,'2024-10-01','14:54:42'),(373,'TN750','Tonner','EMEFEI GERALDO PASCON',2,'2024-10-02','15:11:58'),(374,'DR750','Tonner','EMEFEI GERALDO PASCON',2,'2024-10-02','15:12:33'),(375,'T06','Tonner','ESCOLA MILTON MONTI (MIRELLA)',1,'2024-10-07','08:55:08'),(376,'T06','Tonner','ESCOLA MILTON MONTI',1,'2024-10-07','11:19:02'),(377,'TN580','Tonner','AUGUSTO REIS',1,'2024-10-08','10:04:14'),(378,'DR620','Tonner','AUGUSTO REIS',1,'2024-10-08','10:05:24'),(379,'T06','Tonner','DONA LOLA',1,'2024-10-08','14:20:07'),(380,'285A','Tonner','MERENDA ESCOLAR (PATRICIA)                 ',1,'2024-10-09','10:11:55'),(381,'T06','Tonner','ESCOLA IDA INNOCENTI',1,'2024-10-09','11:13:21'),(382,'CF412','Tonner','DIRETORIA DA SAUDE',1,'2024-10-09','14:34:18'),(383,'T06','Tonner','ESCOLA  JOANNA MADOGLIO DE ALMEIDA',1,'2024-10-10','14:37:56'),(384,'D203U','Tonner','ESCOLA PROFESSOR GERALDO PASCON',2,'2024-10-10','14:46:15'),(385,'TN750','Tonner','ESCOLA PROFESSOR GERALDO PASCON',2,'2024-10-10','14:47:24'),(386,'T06','Tonner','CAPS',1,'2024-10-10','16:06:37'),(387,'T06','Tonner','POSTO DE SAÚDE RAFAEL',1,'2024-10-11','10:42:59'),(388,'285A','Tonner','POSTO DE SAUDE RAFAEL',1,'2024-10-14','10:54:23'),(389,'285A','Tonner','POSTO DE SAUDE RAFAEL',1,'2024-10-16','15:54:54'),(390,'D203U','Tonner','ESCOLA AUGUSTO REIS',1,'2024-10-17','09:56:38'),(391,'285A','Tonner','POSTO SAO GERALDO',1,'2024-10-17','11:14:43'),(392,'T06','Tonner','WALTER CARRER',2,'2024-10-18','09:20:21'),(393,'D203U','Tonner','ESCOLA HELIO DA SILVA',1,'2024-10-21','10:24:04'),(394,'T06','Tonner','CONTABILIDADE',1,'2024-10-22','09:09:18'),(395,'W2020','Tonner','DIRETORIA DA SAÚDE',1,'2024-10-22','10:53:07'),(396,'T06','Tonner','ESCOLA DAGINA',1,'2024-10-22','11:02:49'),(397,'T06','Tonner','POSTO DE SAÚDE',1,'2024-10-24','10:19:11'),(398,'T06','Tonner','IDA INNOCENTI                  ',1,'2024-10-20','10:20:33'),(399,'285A','Tonner','DIRETORIA DA SAÚDE',1,'2024-10-24','11:19:48'),(400,'T06','Tonner','SETOR DE LICITAÇÃO',1,'2024-10-24','15:00:47'),(401,'T06','Tonner','TESOURARIA',1,'2024-10-29','09:47:10'),(402,'W2021','Tonner','DIRETORIA DA SAÚDE',1,'2024-10-29','15:03:41'),(403,'285A','Tonner','ESF. SANTA MONICA',1,'2024-10-30','07:47:05'),(404,'285A','Tonner','LABORATORIO DO CS2',1,'2024-10-31','10:57:50'),(405,'T06','Tonner','CPD',3,'2024-10-31','15:30:10'),(406,'T06','Tonner','DEPOSITO DE MEDICAMENTO',1,'2024-11-01','09:40:02'),(407,'285A','Tonner','ESF APARECIDA',1,'2024-11-01','10:53:16'),(408,'283A','Tonner','LABORATORIO',1,'2024-11-01','11:17:20'),(409,'TN750','Tonner','EDUCAÇÃO',1,'0024-12-01','15:49:47'),(410,'DR750','Tonner','EDUCAÇÃO',1,'2024-11-04','08:51:40'),(411,'T06','Tonner','ESCOLA LEONOR MENDES',1,'2024-11-04','09:11:32'),(412,'T06','Tonner','SEGURANÇA DO TRABALHO',1,'2024-11-04','10:41:37'),(413,'T06','Tonner','JUNTA MILITAR',1,'2024-11-05','10:02:54'),(414,'285A','Tonner','CONSELHO TUTELAR',2,'2024-11-05','10:31:54'),(415,'T06','Tonner','ESCOLA MILTON MONTI',2,'2024-11-05','15:22:26'),(416,'T06','Tonner','CS2',1,'2024-11-05','15:28:08'),(417,'285A','Tonner','POSTO DE SAUDE COHAB 1',1,'2024-11-06','11:20:18'),(418,'DR750','Tonner','DIRETORIA DA SAÚDE',1,'2024-11-06','14:50:43'),(419,'TN750','Tonner','DIRETORIA DA SAÚDE',1,'2024-11-06','14:51:37'),(420,'T06','Tonner','ESCOLA DONA LOLA',1,'2024-11-06','16:36:04'),(421,'285A','Tonner','ESF SÃO GERALDO',1,'2024-11-07','10:32:33'),(422,'285A','Tonner','ESF RAFAEL',1,'2024-11-07','10:33:44'),(423,'TN580','Tonner','AUGUSTO REIS',2,'2024-11-11','13:10:41'),(424,'TN580','Tonner','ESCOLA ZIGOMAR',1,'2024-11-11','15:51:23'),(425,'T06','Tonner','ESCOLA ZIGOMAR',3,'2024-11-11','15:52:48'),(426,'T06','Tonner','SIM',1,'2024-11-12','09:07:49'),(427,'285A','Tonner','ESCOLA DAGINA',1,'2024-11-12','14:08:35'),(428,'D203U','Tonner','ESCOLA AUGUSTO REIS',1,'2024-11-13','07:39:00'),(429,'D203U','Tonner','POLI CLINICA',1,'2024-11-13','07:40:10'),(430,'285A','Tonner','GUARDA MUNICIPAL',2,'2024-11-18','09:32:11'),(431,'T06','Tonner','CS2',1,'2024-11-18','14:51:12'),(432,'T06','Tonner','POSTO DE SAUDE COHAB 1',1,'2024-11-19','10:54:15'),(433,'CE314','Tonner','GESTAO E SERVIÇOS',1,'2024-11-21','13:29:27'),(434,'283A','Tonner','LABORATÓRIO MUNICIPAL',1,'2024-11-21','15:38:23'),(435,'T06','Tonner','CPD',3,'2024-11-22','15:44:14'),(436,'285A','Tonner','DIRETORIA DE SAUDE CDHU1',1,'2024-11-26','07:55:51'),(437,'T06','Tonner','CS2',1,'2024-11-27','16:04:09'),(438,'T06','Tonner','ALMOXERIFADO/PATRIMONIO',1,'2024-11-28','07:40:45'),(439,'TN750','Tonner','EMEFEI\"GERALDO PASCON\"',2,'2024-11-28','08:28:20'),(440,'DR750','Tonner','EMEFEI\"GERALDO PASCON',2,'2024-11-28','08:31:16'),(441,'D203U','Tonner','EMEFEI\"GERALDO PASCON',2,'2024-11-28','08:32:15'),(442,'W2020','Tonner','SETOR DE COMUNICAÇÃO',1,'2024-11-28','09:05:35'),(443,'W2021','Tonner','SETOR DE COMUNICAÇÃO',1,'2024-11-28','09:06:33'),(444,'W2022','Tonner','SETOR DE COMUNICAÇÃO',1,'2024-11-28','09:07:04'),(445,'W2023','Tonner','SETOR DE COMUNICAÇÃO',1,'2024-11-28','09:07:28'),(446,'T06','Tonner','CRIANÇA FELIZ',1,'2024-11-28','10:13:26'),(447,'285A','Tonner','POSTO DE SAUDE SANTA MONICA',1,'2024-11-29','08:38:23'),(448,'285A','Tonner','GESTAO DE SERVIÇOS',1,'2024-11-29','08:39:06'),(449,'285A','Tonner','POSTO DE SAUDE SAO GERALDO',1,'2024-12-02','10:41:48'),(450,'T06','Tonner','GESTAO DE SERVIÇOS',1,'2024-12-02','14:07:36'),(451,'T06','Tonner','ESCOLA DA GINA',1,'2024-12-02','15:32:08'),(452,'285A','Tonner','CS2',1,'2024-12-04','11:00:51'),(453,'283A','Tonner','CS2',1,'2024-12-04','11:01:57'),(454,'ML2850','Tonner','AUGUSTO REIS',1,'2024-12-04','13:11:57'),(455,'TN580','Tonner','AUGUSTO REIS',1,'2024-12-04','13:13:07'),(456,'T06','Tonner','CRAS',1,'2024-12-05','08:13:50'),(457,'285A','Tonner','POSTO RAPHAEL',1,'2024-12-05','11:07:29'),(458,'D203U','Tonner','ESCOLA HÉLIO DA SILVA',1,'2024-12-05','08:30:56'),(459,'T06','Tonner','BANCO DO POVO',1,'2024-12-05','08:48:47'),(461,'W2021','Tonner','COMUNICAÇÃO',1,'2024-12-09','10:34:57'),(462,'W2022','Tonner','COMUNICAÇÃO',1,'2024-12-09','10:35:35'),(463,'W2023','Tonner','COMUNICAÇÃO',1,'2024-12-09','10:36:09'),(464,'283A','Tonner','LABORATORIO POLI CLINICA',1,'2024-12-09','10:50:59'),(465,'T06','Tonner','LABORATORIO POLI CLINICA',1,'2024-12-09','13:06:24'),(466,'T06','Tonner','DEPARTAMENTO PESSOAL',1,'2024-12-10','08:31:15'),(467,'W2020','Tonner','COMUNICAÇÃO',1,'2024-12-10','08:31:58'),(468,'tn1060','Tonner','BANCO DO POVO',1,'2024-12-10','08:33:27'),(469,'DR1000','Tonner','BANCO DO POVO',1,'2024-12-10','08:33:59'),(470,'T06','Tonner','E.S.F  VILA RICA',1,'2024-12-11','16:36:44'),(471,'T06','Tonner','FARMACIA CENTRAL',1,'2024-12-12','08:30:59'),(472,'285A','Tonner','ESF SAO GERALDO',1,'2024-12-13','14:46:31'),(473,'T06','Tonner','VIGILANCIA EPIDEMIOLOGICA',1,'2024-12-16','11:17:52'),(474,'TN580','Tonner','CRES',1,'2024-12-18','13:42:24'),(475,'DR620','Tonner','CRES',1,'2024-12-18','13:42:53'),(476,'W2023','Tonner','SAUDE',1,'2024-12-23','07:52:38'),(477,'285A','Tonner','POSTO CAHAB1',1,'2024-12-23','07:54:29'),(478,'DR1000','Tonner','BANCO DO POVO',1,'2024-12-23','07:55:10'),(479,'tn1060','Tonner','BANCO DO POVO',1,'2024-12-23','07:55:38'),(480,'285A','Tonner','POSTO RAPHAEL',1,'2024-12-27','10:28:09'),(481,'Q7553','Tonner','PAT',1,'2024-12-27','10:31:43'),(482,'285A','Tonner','POSTO DA APARECIDA',1,'2025-01-02','10:44:35'),(483,'CF411','Tonner','DIRETORIA DA EDUCAÇÂO',1,'2025-01-08','09:45:40'),(484,'283A','Tonner','POLI CLINiCA                ',1,'2025-01-08','15:46:30'),(485,'T06','Tonner','DIRETORIA DO MEIO AMBIENTE',2,'2025-01-09','07:51:59'),(486,'285A','Tonner','ESF  SAO GERALDO',1,'2025-01-09','15:33:40'),(487,'D203U','Tonner','DIRETORIA DA SAUDE',1,'2025-01-09','15:35:00'),(488,'T06','Tonner','GESTÃO DE SERVIÇOS',1,'2025-01-10','10:26:47'),(489,'T06','Tonner','CONTROLE ZOONOSES',1,'2025-01-13','15:47:25'),(490,'T06','Tonner','POSTO COHAB 1',1,'2025-01-14','10:47:45'),(491,'CF410','Tonner','DIRETORIA DA EDUCAÇÃO',1,'2025-01-15','10:55:14'),(492,'CF412','Tonner','DIRETORIA DA EDUCAÇÃO',1,'2025-01-15','10:56:34'),(493,'CF413','Tonner','DIRETORIA DA EDUCAÇÃO',1,'2025-01-15','10:57:24'),(494,'285A','Tonner','DIRETORIA DA EDUCAÇÃO',1,'2025-01-15','11:03:05'),(495,'285A','Tonner','CS2',1,'2025-01-21','10:29:01'),(496,'T06','Tonner','CRAS',1,'2025-01-23','07:41:20'),(497,'TN750','Tonner','CONSELHO TUTELAR',1,'2025-01-22','07:43:01'),(498,'DR750','Tonner','CONSELHO TUTELAR',1,'2025-01-22','07:43:53'),(499,'285A','Tonner','MERENDA',1,'2025-01-23','07:44:29'),(501,'DR750','Tonner','EDUCAÇÃO',1,'2025-01-23','07:45:44'),(502,'TN750','Tonner','EDUCAÇÃO',1,'2025-01-23','07:47:35'),(503,'285A','Tonner','POSTO RAPHAEL',1,'2025-01-24','08:55:52'),(504,'285A','Tonner','ESF SAO GERALDO',1,'2025-01-27','07:45:21'),(505,'285A','Tonner','ESF APARECIDA',1,'2025-01-28','07:46:45'),(506,'T06','Tonner','ESCOLA IDA INNOCENTI                                            ',1,'2025-01-28','07:47:20'),(507,'283A','Tonner','POLI CLINICA',1,'2025-01-29','08:46:40'),(508,'T06','Tonner','POLI CLINICA',1,'2025-01-30','09:20:04'),(509,'D203U','Tonner','POLI CLINICA',1,'2025-01-29','09:21:02'),(510,'TN750','Tonner','PROFESSOR GERALDO PASCON',2,'2025-01-31','14:10:51'),(511,'D203U','Tonner','PROFESSOR GERALDO PASCON',1,'2025-01-31','14:13:05'),(512,'T06','Tonner','ESCOLA MILTON MONTI',1,'2025-02-04','13:52:41'),(513,'T06','Tonner','Guarda municipal',1,'2025-02-04','15:51:51'),(514,'T06','Tonner','ESF SAO GERALDO',1,'2025-02-05','10:14:34'),(515,'TN580','Tonner','ZIGOMAR AUGUSTO',1,'2025-02-06','08:07:24'),(516,'T06','Tonner','ZIGOMAR AUGUSTO',1,'2025-02-06','08:08:16'),(517,'285A','Tonner','POSTO SANTA MONICA                      ',1,'2025-02-10','10:17:36'),(518,'T06','Tonner','ESCOLA MILTO MONTI',2,'2025-02-10','11:07:29'),(519,'T06','Tonner','TRANSPORTE',1,'2025-02-11','09:55:44'),(520,'T06','Tonner','DIRETORIA DE SAUDE',1,'2025-02-11','10:58:50'),(521,'DR1000','Tonner','BANCO DO POVO',1,'2025-02-11','15:25:17'),(522,'tn1060','Tonner','BANCO DO POVO',1,'2025-02-11','15:25:53'),(524,'285A','Tonner','CRAS',1,'2025-02-12','15:43:38'),(525,'D203U','Tonner','AUGUSTO REIS',1,'2025-02-13','09:49:56'),(526,'285A','Tonner','ESF SAO GERALDO',1,'2025-02-13','11:25:55'),(527,'T06','Tonner','REGULAÇÂO DIRETORIA DA SAÚDE',1,'2025-02-14','07:50:18'),(528,'TN580','Tonner','AUGUSTO REIS',1,'2025-02-14','09:43:55'),(529,'T06','Tonner','WALTER CARRER',2,'2025-02-14','11:09:44'),(530,'T06','Tonner','CS2',1,'2025-02-18','09:58:38'),(531,'05X80X','Tonner','PROCON',2,'2025-02-18','11:21:32'),(532,'283A','Tonner','LABORATORIO',1,'2025-02-18','15:47:19'),(533,'TN580','Tonner','ZIGOMAR',1,'2025-02-19','09:06:53'),(534,'T06','Tonner','ZIGOMAR',1,'2025-02-19','09:14:40'),(535,'T06','Tonner','CPD',3,'2025-02-19','10:25:25'),(536,'TN580','Tonner','GERALDO PASCOL',1,'2025-02-19','10:26:20'),(537,'DR620','Tonner','GERALDO PASCOL',1,'2025-02-19','10:27:44'),(538,'T06','Tonner','joana madoglio',1,'2025-02-20','14:17:18'),(539,'TN580','Tonner','unidade multipla aparecida',1,'2025-02-20','14:20:30'),(540,'DR620','Tonner','unidade multipla aparecida',1,'2025-02-20','14:22:43'),(541,'285A','Tonner','e.s.f aparecida',1,'2025-02-20','16:07:54'),(542,'285A','Tonner','esf dr raphael',1,'2025-02-20','16:18:16'),(543,'T06','Tonner','esf dr raphael',1,'2025-02-20','16:20:09'),(544,'T06','Tonner','cs.2',2,'2025-02-24','07:19:03'),(545,'285A','Tonner','cs.2',1,'2025-02-24','13:05:25'),(546,'283A','Tonner','cs.2',1,'2025-02-24','13:06:39'),(547,'T06','Tonner','SECRETARIA DE ESPORTE',1,'2025-02-26','13:09:16'),(548,'TN750','Tonner','SECRETARIA DE SAUDE',1,'2025-02-26','13:12:54'),(549,'285A','Tonner','SECRETARIA DE SAUDE',1,'2025-02-26','13:15:27'),(550,'W2020','Tonner','secretaria da saude',1,'2025-02-27','16:26:08'),(551,'W2021','Tonner','secretaria da saude',1,'2025-02-27','16:28:14'),(552,'W2022','Tonner','secretaria da saude',1,'2025-02-27','16:29:40'),(553,'W2023','Tonner','secretaria da saude',1,'2025-02-27','16:30:49'),(554,'D101','Tonner','ambulancia',1,'2025-02-27','16:32:26'),(555,'285A','Tonner','secretaria da saude',1,'2025-02-27','16:34:13'),(556,'285A','Tonner','secretaria da saude',1,'2025-02-27','16:34:13'),(557,'285A','Tonner','secretaria da saude',1,'2025-02-27','16:34:13'),(558,'T06','Tonner','escola walter carrer',3,'2025-02-28','16:13:32'),(559,'T06','Tonner','escola milton monti',2,'2025-03-06','16:15:53'),(560,'T06','Tonner','posto saude sta monica',2,'2025-03-06','16:17:50'),(561,'T06','Tonner','posto saude sta monica',2,'2025-03-06','16:17:50'),(562,'T06','Tonner','secretaria de gestao',1,'2025-03-06','16:19:40'),(563,'TN580','Tonner','escola augusto reis',1,'2025-03-07','13:27:35'),(564,'TN580','Tonner','escola augusto reis',1,'2025-03-07','13:27:35'),(565,'T541','Tonner','gabinete',1,'2025-03-07','13:59:30'),(566,'T541','Tonner','gabinete',1,'2025-03-07','13:59:30'),(567,'T541','Tonner','gabinete',1,'2025-03-07','13:59:30'),(568,'T542','Tinta','gabinete',1,'2025-03-07','14:02:00'),(569,'T542','Tinta','gabinete',1,'2025-03-07','14:02:00'),(570,'T542','Tinta','gabinete',1,'2025-03-07','14:02:00'),(571,'T543','Tinta','gabinete',1,'2025-03-07','14:03:21'),(572,'T543','Tinta','gabinete',1,'2025-03-07','14:03:21'),(573,'T544','Tinta','gabinete',1,'2025-03-07','14:04:29'),(574,'T06','Tonner','creche leonor mendes de barros',2,'2025-03-07','14:07:49'),(575,'T06','Tonner','escola ida inocente',1,'2025-03-07','15:25:14'),(576,'DR620','Tonner','escola ida inocente',1,'2025-03-07','15:37:56'),(577,'T06','Tonner','secretaria da zeladoria',1,'2025-03-11','13:06:00'),(578,'D203U','Tonner','Escola Professor Helio da Silva',1,'2025-03-11','13:08:18'),(579,'285A','Tonner','Escola Milton Monti',1,'2025-03-11','13:10:53'),(580,'285A','Tonner','Escola Milton Monti',1,'2025-03-11','13:10:53'),(581,'285A','Tonner','Escola Milton Monti',1,'2025-03-11','13:10:53'),(582,'285A','Tonner','ESF DR Raphael',1,'2025-03-11','13:12:25'),(583,'285A','Tonner','Posto Vila Rica',1,'2025-03-11','13:14:26'),(584,'283A','Tonner','Posto Vila Rica',1,'2025-03-11','13:16:00'),(585,'05X80X','Tonner','Educaçao Almoxarifado',1,'2025-03-13','15:04:24'),(586,'285A','Tonner','E.S.F Vila Rica',1,'2025-03-13','16:09:58'),(587,'T06','Tonner','Escola Ida Innocente',2,'2025-03-14','13:08:18'),(588,'283A','Tonner','Laboratòrio Municipal',1,'2025-03-14','13:10:19'),(589,'T06','Tonner','Contabilidade',1,'2025-03-14','13:34:06'),(590,'285A','Tonner','C.S II',1,'2025-03-18','07:06:39'),(591,'T06','Tonner','Posto de Saude Cohab I',1,'2025-03-19','13:07:45'),(592,'285A','Tonner','Posto D.r Rafael',1,'2025-03-19','13:14:33'),(593,'T06','Tonner','C.S.II',1,'2025-03-20','13:00:41'),(594,'T06','Tonner','Farmacia Central',1,'2025-03-20','13:07:36'),(595,'TN750','Tonner','EMEFEI Prof.GeraldoPascon',2,'2025-03-20','13:31:42'),(596,'D203U','Tonner','EMEFEI Prof Geraldo Pascon',1,'2025-03-20','13:34:55'),(597,'D203U','Tonner','Escola Prof.Helio da Silva',1,'2025-03-20','14:59:47'),(598,'T06','Tonner','Escola Dagina',1,'2025-03-24','10:55:29'),(599,'T06','Tonner','ESF Sao Geraldo',1,'2025-03-24','16:23:24'),(601,'DR620','Tonner','Escola Dr Augusto Reis',1,'2025-03-24','16:29:41'),(602,'285A','Tonner','ESF Sao Geraldo',1,'2025-03-24','16:42:40'),(603,'T06','Tonner','C.P.D',3,'2025-03-27','13:06:54'),(604,'T06','Tonner','Escola Prof Walter Carrer',4,'2025-03-27','15:38:07'),(605,'T06','Tonner','Escola Joana',1,'2025-03-28','09:25:28'),(606,'T06','Tonner','Posto de Saude Cohab I',1,'2025-03-28','14:54:05'),(607,'DR750','Tonner','Deretoria da Saude',1,'2025-03-28','14:56:12'),(609,'T06','Tonner','E.S.F Posto Vila Rica',1,'2025-04-01','07:13:07'),(610,'tn1060','Tonner','Banco do Povo',1,'2025-04-01','07:16:54'),(611,'DR1000','Tonner','Banco do Povo',1,'2025-04-01','07:18:47'),(612,'T06','Tonner','R.H',1,'2025-04-01','07:20:57'),(613,'T06','Tonner','CRAS',1,'2025-04-01','07:22:03'),(614,'T06','Tonner','Secretaria de Esporte',1,'2025-04-02','09:16:16'),(615,'TN750','Tonner','Vigilancia Sanitaria',1,'2025-04-03','10:09:42'),(616,'DR750','Tonner','Vigilancia Sanitaria',1,'2025-04-03','10:14:21'),(617,'T06','Tonner','Dona Lola',1,'2025-04-03','10:25:10'),(618,'D203U','Tonner','Escola Prof Helio da Silva',1,'2025-04-04','10:37:27'),(619,'285A','Tonner','Posto Cohab I',1,'2025-04-04','10:50:46'),(620,'285A','Tonner','Posto de Saude Sao Geraldo',1,'2025-04-07','10:58:09'),(621,'CF410','Tonner','Secretaria daEducacao',1,'2025-04-08','09:50:25'),(622,'CF411','Tonner','Secretaria da Educacao',1,'2025-04-08','09:52:59'),(623,'CF412','Tonner','Secretaria da Educacao',1,'2025-04-08','09:54:23'),(624,'CF413','Tonner','Secretaria da Educacao',1,'2025-04-08','09:55:34'),(625,'T06','Tonner','CAPS',2,'2025-04-08','15:43:13'),(626,'TN750','Tonner','Recepcao da Saude',1,'2025-04-09','13:01:07'),(627,'DR750','Tonner','Recepcao da Saude',1,'2025-04-09','13:02:33'),(628,'T06','Tonner','Escola Prof Walter CaRRER',2,'2025-04-11','10:33:35'),(629,'T06','Tonner','Secretaria do Meio Ambiente',1,'2025-04-11','16:19:27'),(630,'T06','Tonner','Procon',1,'2025-04-11','16:20:54'),(631,'TN580','Tonner','Escola DR Augusto Reis',1,'2025-04-14','08:53:20'),(632,'D203U','Tonner','Policlinica',1,'2025-04-14','16:12:37'),(633,'T06','Tonner','Posto Dr Rafael',1,'2025-04-16','16:53:14'),(634,'T06','Tonner','CRAS',1,'2025-04-22','13:49:58'),(635,'T06','Tonner','R.H',2,'2025-04-23','08:38:54'),(637,'285A','Tonner','CRAS',1,'2025-04-23','11:30:40'),(638,'285A','Tonner','Escola Dagna',1,'2025-04-23','14:01:09'),(639,'285A','Tonner','Tiro de Guerra',1,'2025-04-23','14:36:38'),(640,'T06','Tonner','Educacao',1,'2025-04-24','16:18:44'),(641,'T06','Tonner','Escola Zigomar',2,'2025-04-24','16:19:51'),(642,'TN580','Tonner','Escola Zigomar',1,'2025-04-24','16:21:09'),(643,'DR620','Tonner','Escola Zigomar',1,'2025-04-24','16:22:25'),(644,'285A','Tonner','Posto de Saude CohabI',1,'2025-04-24','16:23:22'),(645,'CE310','Tonner','Engenharia',1,'2025-04-24','16:25:11'),(646,'CE311','Tonner','Engenharia',1,'2025-04-24','16:26:10'),(647,'CE312','Tonner','Engenharia',1,'2025-04-24','16:26:52'),(648,'CE313','Tonner','Engenharia',1,'2025-04-24','16:27:33'),(649,'TN580','Tonner','Escola Dr Augusto Reis',1,'2025-04-29','13:04:40'),(650,'283A','Tonner','Laboratorio Municipal',1,'2025-04-30','10:38:42'),(651,'T06','Tonner','Escola Ida Innocenti',2,'2025-04-30','11:09:52'),(652,'D203U','Tonner','Escola Prof Helio da Silva',1,'2025-05-05','09:56:21'),(653,'285A','Tonner','Defesa Civil',1,'2025-05-06','09:41:42'),(654,'285A','Tonner','ESF DR Raphael',2,'2025-05-07','10:24:57'),(655,'285A','Tonner','Posto de Saude  Aparecida',1,'2025-05-07','10:27:23'),(656,'T06','Tonner','Escola Joana Madoglio',1,'2025-05-08','08:18:17'),(657,'DR750','Tonner','Creche Bordine',1,'2025-05-08','11:25:40'),(658,'T06','Tonner','Creche Bordine',2,'2025-05-08','11:26:58'),(659,'TN750','Tonner','Creche Bordine',1,'2025-05-08','11:28:14'),(660,'D203U','Tonner','Escola DR Augusto Reis',1,'2025-05-09','07:24:03'),(661,'TN750','Tonner','Escola Prof Geraldo Pascon',2,'2025-05-09','13:02:06'),(662,'DR1000','Tonner','Cebrae',1,'2025-05-13','09:07:55'),(663,'tn1060','Tonner','Cebrae',1,'2025-05-13','09:09:17'),(664,'285A','Tonner','Posto Vila Rica',3,'2025-05-14','10:46:29'),(665,'T06','Tonner','Posto de Saude Cohab I',1,'2025-05-16','11:02:22'),(666,'T06','Tonner','Escola Dagina',2,'2025-05-16','11:03:34'),(667,'T06','Tonner','EMEI Dona Lola',2,'2025-05-19','10:08:43'),(668,'T06','Tonner','Escola Milton Monti',2,'2025-05-19','15:47:12'),(669,'285A','Tonner','Posto de Saude CohabI',1,'2025-05-20','10:38:20'),(670,'TN580','Tonner','Escola Dr Augusto Reis',1,'2025-05-23','14:08:18'),(671,'T06','Tonner','Centro de Saude II',2,'2025-05-26','08:17:29'),(672,'T06','Tonner','Tonner Com Defeito',1,'2025-05-26','09:43:39'),(673,'283A','Tonner','Poli Clinica',1,'2025-05-26','13:48:41'),(674,'DR620','Tonner','Escola Dr Augusto Reis',1,'2025-05-27','09:02:32'),(675,'TN580','Tonner','Escola Dr Augusto Reis',1,'2025-05-27','09:03:56'),(676,'T06','Tonner','Farmacia Central',1,'2025-05-27','13:49:49'),(677,'T06','Tonner','Escola Dona Leonor Mendes De Barros',2,'2025-05-27','14:17:25'),(678,'D101','Tonner','Secretaria Da Saude',2,'2025-05-27','14:52:04'),(679,'T06','Tonner','Escola Prof Walter Carrer',2,'2025-05-29','09:17:10'),(680,'T06','Tonner','E.S.F Vila Rica',1,'2025-05-30','10:56:04'),(681,'T06','Tonner','Creas',1,'2025-05-30','13:46:27'),(682,'285A','Tonner','Posto De Saude Sta Monica',2,'2025-06-02','09:49:14'),(683,'T06','Tonner','Pat',1,'2025-06-02','15:53:27'),(684,'T06','Tonner','Cras',1,'2025-06-02','16:10:34'),(685,'W1030x','Tonner','C.P.D',3,'2025-06-03','09:51:57'),(686,'D203U','Tonner','Escola  Flavio Silva',1,'2025-06-03','11:22:44'),(687,'T06','Tonner','Escola Prof Zigomar',2,'2025-06-03','11:23:54'),(688,'DR620','Tonner','Escola Prof. Zigomar',1,'2025-06-03','11:26:51'),(689,'TN580','Tonner','Escola Prof. Zigomar',1,'2025-06-03','13:07:03'),(690,'T06','Tonner','Escola Joana Madoglio',1,'2025-06-04','09:47:36'),(691,'285A','Tonner','E.S.F Posto Sao Geraldo',1,'2025-06-06','10:56:18'),(692,'D203U','Tonner','ToNNer Com Defeito',1,'2025-06-09','16:32:25'),(693,'285A','Tonner','Posto Sao Geraldo',1,'2025-06-10','12:59:49'),(694,'T06','Tonner','Escola Ida Inocentti',2,'2025-06-10','13:18:45'),(695,'283A','Tonner','Laboratorio Poli Clinica',1,'2025-06-11','15:15:52'),(696,'285A','Tonner','E.S.F Dr Raphael',1,'2025-06-11','15:50:25'),(697,'TN750','Tonner','Secretaria Da Educaçao',1,'2025-06-12','16:19:08'),(698,'W1030x','Tonner','Posto De Saude Santa Monica',1,'2025-06-13','14:46:33'),(700,'Q7553','Tonner','Secretaria Da Cultura',1,'2025-06-13','16:51:13'),(701,'D203U','Tonner','Escola Dr Augusto Reis',1,'2025-06-18','11:04:20'),(702,'T06','Tonner','Escola Prof. Walter Carrer',3,'2025-06-24','10:05:27'),(703,'T06','Tonner','Escola Dagina',1,'2025-06-24','14:13:23'),(704,'D203U','Tonner','Escola Prof Helio da sILVA',1,'2025-06-25','16:29:25'),(705,'T06','Tonner','E.S.F POSTO DE SAUDE VILA RICA',1,'2025-06-26','12:47:38'),(706,'W1030x','Tonner','EMEF  ESCOLA PROF MILTON MONTI',2,'2025-06-26','12:52:27'),(707,'T06','Tonner','Escola Ida Inocenti',2,'2025-06-27','10:18:22'),(709,'T06','Tonner','R.H',1,'2025-06-27','14:05:38'),(710,'W2020','Tonner','Saude',1,'2025-06-30','09:03:09'),(711,'W2021','Tonner','Saude',1,'2025-06-30','09:03:57'),(712,'W2022','Tonner','Saude',1,'2025-06-30','09:04:44'),(713,'W2023','Tonner','Saude',1,'2025-06-30','09:05:37'),(714,'285A','Tonner','Merenda',1,'2025-06-30','15:54:42'),(715,'T06','Tonner','Secretaria Da Cultura',1,'2025-07-01','10:12:57'),(716,'T06','Tonner','Escola Dona Lola',2,'2025-07-02','08:36:56'),(717,'285A','Tonner','Cras',1,'2025-07-02','16:22:53'),(718,'T06','Tonner','CSII',1,'2025-07-10','07:21:40'),(719,'D203U','Tonner','Policlinica',1,'2025-07-10','07:23:27'),(720,'W1030x','Tonner','Saude',1,'2025-07-10','07:25:20'),(721,'T06','Tonner','CSII',2,'2025-07-10','10:20:40'),(722,'T06','Tonner','C.P.D',3,'2025-07-15','08:40:57'),(723,'DR1000','Tonner','Banco Do Povo',1,'2025-07-15','09:38:42'),(724,'285A','Tonner','ESPORTES',2,'2025-07-15','15:45:39'),(725,'285A','Tonner','Posto de Saude Cohab I',1,'2025-07-15','15:58:22'),(726,'T06','Tonner','Regulaçao',1,'2025-07-15','15:59:41'),(727,'T06','Tonner','Merenda',1,'2025-07-17','10:21:03'),(728,'285A','Tonner','ESF Sao Geraldo',1,'2025-07-17','11:04:32'),(729,'W1030x','Tonner','Farmacia Central',1,'2025-07-18','15:49:09'),(730,'T06','Tonner','Escola Prof Zigomar Augusto',2,'2025-07-22','09:38:02'),(731,'285A','Tonner','Escola Prof Zigomar Augusto',2,'2025-07-22','09:39:56'),(733,'DR620','Tonner','Escola Prof Zigomar Augusto',1,'2025-07-22','09:42:08'),(735,'T06','Tonner','Saude',2,'2025-07-23','13:08:52'),(736,'T06','Tonner','Posto Vila Rica',1,'2025-07-25','15:42:30'),(737,'T06','Tonner','Posto De Saude Cohab I',1,'2025-07-25','15:43:47'),(738,'D203U','Tonner','Escola Prof Geraldo Pascon',1,'2025-07-29','15:44:49'),(739,'TN750','Tonner','Escola Prof Geraldo Pascon',1,'2025-07-29','15:46:49'),(740,'285A','Tonner','ESF Sao Geraldo',1,'2025-07-29','16:15:44'),(741,'TN750','Tonner','Creche Prof Jose Bonome',1,'2025-07-29','16:49:05'),(742,'DR750','Tonner','Creche Prof Jose Bonome',1,'2025-07-29','16:51:00'),(743,'T06','Tonner','Conselho Tutelar',1,'2025-07-30','10:25:38'),(744,'T06','Tonner','Posto de Saude Cohab I',1,'2025-07-30','11:15:00'),(745,'T06','Tonner','GCM',2,'2025-07-31','09:11:19'),(746,'DR750','Tonner','GCM',1,'2025-07-31','09:12:46'),(747,'TN750','Tonner','GCM',1,'2025-07-31','09:13:55'),(748,'T06','Tonner','Saude',3,'2025-07-31','14:11:40'),(749,'TN750','Tonner','Escola Prof Dr Augusto Reis',1,'2025-07-31','14:13:24'),(750,'T06','Tonner','Secretaria Cultura',2,'2025-07-31','16:22:07'),(751,'T06','Tonner','CRAS',1,'2025-08-01','11:20:23'),(752,'285A','Tonner','Posto Rafael',1,'2025-08-05','07:40:50'),(753,'D101','Tonner','Ambulancia',1,'2025-08-05','07:42:19'),(755,'285A','Tonner','Posto da APARECIDA',1,'2025-08-06','08:53:43'),(756,'T06','Tonner','sAUDE',1,'2025-08-08','08:54:58'),(758,'T06','Tonner','Escola Prof Walter Carrer',1,'2025-08-12','09:04:10'),(759,'285A','Tonner','ESF Aparecida',1,'2025-08-12','09:06:20'),(760,'D203U','Tonner','Escola Prof Helio da Silva',1,'2025-08-13','09:07:29'),(761,'DR750','Tonner','Vigilancia Sanitaria',1,'2025-08-13','09:09:21'),(762,'TN750','Tonner','Vigilancia Sanitaria',1,'2025-08-13','09:10:25'),(763,'285A','Tonner','ESF Aparecida',1,'2025-08-13','09:11:36'),(764,'285A','Tonner','ESF Vila Rica',1,'2025-08-12','09:13:26'),(765,'T06','Tonner','Ida Innocenti',2,'2025-08-14','09:14:42'),(766,'T06','Tonner','Policlinica',1,'2025-08-14','09:16:22'),(767,'285A','Tonner','Policlinica',1,'2025-08-18','11:30:15'),(768,'W1030x','Tonner','CRAS',1,'2025-08-05','07:59:39'),(769,'285A','Tonner','Posto Aparecida',1,'2025-08-14','08:00:39'),(770,'285A','Tonner','ESF Aparecida',2,'2025-08-19','11:03:41'),(771,'T06','Tonner','Escola Prof Walter Carrer',3,'2025-08-21','12:58:52'),(772,'285A','Tonner','Posto De Saude CoHab I',1,'2025-08-21','13:01:13'),(773,'285A','Tonner','ESF Aparecida',1,'2025-08-21','13:03:16'),(774,'285A','Tonner','ESF Aparecida',2,'2025-08-25','10:53:36'),(775,'285A','Tonner','Centro Saude II',2,'2025-08-26','15:41:05'),(776,'285A','Tonner','Defesa Civil',1,'2025-08-26','15:59:09'),(777,'285A','Tonner','ESF Aparecida',2,'2025-08-27','11:20:00'),(778,'T06','Tonner','Escola Prof Dagina',1,'2025-08-27','13:02:38'),(779,'T06','Tonner','Escola Prof Milton Monti',1,'2025-08-27','13:04:37'),(780,'W1030x','Tonner','Escola Prof Milton Monti',1,'2025-08-27','13:05:49'),(781,'285A','Tonner','CRAS',1,'2025-08-27','13:13:43'),(782,'285A','Tonner','ESF DR Raphael',1,'2025-08-28','10:55:45'),(783,'T06','Tonner','CAPS Aparecida',1,'2025-08-28','16:15:51'),(784,'D101','Tonner','AMbulançia',2,'2025-08-29','10:32:35'),(785,'T06','Tonner','CS II',1,'2025-09-01','15:36:59'),(786,'283A','Tonner','Laboratorio',1,'2025-09-02','11:20:25'),(787,'T06','Tonner','Escola Prof Walter Carrer',2,'2025-09-02','15:18:44'),(788,'W1030x','Tonner','Escola Prof Walter Carrer',1,'2025-09-02','15:20:02'),(789,'W1030x','Tonner','Transporte Escolar',1,'2025-09-04','09:15:26'),(790,'W1030x','Tonner','Farmacia Central',1,'2025-09-05','13:24:50'),(791,'DR1000','Tonner','Banco Do Povo',2,'2025-09-05','07:56:59'),(792,'T06','Tonner','Escola Prof Walter Carrer',2,'2025-09-08','11:16:38'),(793,'W1030x','Tonner','Escola Prof Helio Da Silva',1,'2025-09-09','13:20:21'),(794,'T06','Tonner','Creche Joana Madoglio',2,'2025-09-10','09:19:49'),(795,'W1030x','Tonner','Escola Prof Helio Da Silva',1,'2025-09-11','11:26:27'),(796,'D203U','Tonner','Policlica',1,'2025-09-11','15:44:40'),(797,'285A','Tonner','Policlinica',1,'2025-09-11','15:46:13'),(798,'CE310','Tonner','CPD',1,'2025-09-15','08:02:59'),(799,'CE311','Tonner','C.P.D',1,'2025-09-15','08:03:51'),(800,'CE312','Tonner','C.P.D',1,'2025-09-15','08:04:45'),(801,'CE313','Tonner','C.P.D',1,'2025-09-15','08:05:33'),(802,'285A','Tonner','Escola Prof Milton Monti',1,'2025-09-16','10:54:29'),(803,'T06','Tonner','C.P.D',3,'2025-09-05','13:16:22'),(804,'tn1060','Tonner','Banco Do Povo',2,'2025-09-05','13:17:34'),(805,'T06','Tonner','Escola Prof Milton Monti',2,'2025-09-16','13:18:42'),(806,'T06','Tonner','Creche Dona Leonor Mendes De Barros',2,'2025-09-17','13:19:38'),(807,'T06','Tonner','R.H',1,'2025-09-22','13:56:43'),(808,'T06','Tonner','Escola Prof Walter Carrer',2,'2025-09-23','14:16:24'),(809,'W1030x','Tonner','Escola Bordine',2,'2025-09-23','15:35:45'),(811,'285A','Tonner','Escola Dagina',1,'2025-09-23','15:38:14'),(812,'285A','Tonner','Posto Sta Monica',1,'2025-09-23','15:39:17'),(813,'T06','Tonner','Posto Sao Geraldo',1,'2025-09-25','11:05:00'),(814,'285A','Tonner','Posto de Saude Santa Monica',1,'2025-09-26','10:38:24'),(815,'TN750','Tonner','Escola Prof Geraldo Pascon',3,'2025-09-29','15:21:42'),(816,'DR750','Tonner','Escola Prof Geraldo Pascon',1,'2025-09-29','15:23:04'),(817,'W1030x','Tonner','Posto Santa Monica',1,'2025-09-30','15:27:11'),(818,'T06','Tonner','ESF Dr Raphael',1,'2025-10-01','11:13:12'),(819,'285A','Tonner','ESF Dr Raphael',1,'2025-10-01','11:15:54'),(822,'T06','Tonner','Laboratorio',1,'2025-10-01','11:22:31'),(823,'W1030x','Tonner','Laboratorio',1,'2025-10-01','09:47:10'),(824,'W1030x','Tonner','Escola Prof Augusto Reis',2,'2025-10-02','09:47:49'),(825,'285A','Tonner','E.S.F Sao Geraldo',1,'2025-10-03','16:07:42'),(826,'T06','Tonner','Escola Prof Zigomar Augusto',3,'2025-10-08','10:57:30'),(827,'CF410','Tonner','Educaçao',2,'2025-10-07','11:01:18'),(828,'CF411','Tonner','Educaçao',1,'2025-10-07','11:02:41'),(829,'T06','Tonner','Escola Prof Walter Carrer',1,'2025-10-09','09:19:40'),(830,'W1030x','Tonner','Escola Prof Walter Carrer',1,'2025-10-09','09:21:29'),(831,'285A','Tonner','E.S.F Aparecida',1,'2025-10-13','10:40:53'),(832,'285A','Tonner','E.S.F Aparecida',1,'2025-10-13','10:40:53'),(833,'285A','Tonner','E.S.F Aparecida',1,'2025-10-13','10:40:53'),(834,'285A','Tonner','E.S.F Aparecida',1,'2025-10-13','10:40:53'),(835,'285A','Tonner','E.S.F Aparecida',1,'2025-10-13','10:40:53'),(836,'285A','Tonner','E.S.F Aparecida',1,'2025-10-13','10:40:53'),(837,'285A','Tonner','E.S.F Aparecida',1,'2025-10-13','10:40:53'),(838,'W1030x','Tonner','C.S II Postao',1,'2025-10-13','13:52:37'),(839,'285A','Tonner','Tiro De Guerra (T G)',2,'2025-10-14','08:36:06'),(841,'W1030x','Tonner','C.R.A.S',1,'2025-10-14','16:13:53'),(842,'T06','Tonner','C.R.A.S',1,'2025-10-16','08:44:33'),(843,'T06','Tonner','PostoDe Saude Cohab I',1,'2025-10-16','10:53:40'),(844,'285A','Tonner','Gestao',1,'2025-10-16','10:57:45'),(845,'W1030x','Tonner','Escola Prof Helio Da Silva',1,'2025-10-17','09:08:31'),(846,'T06','Tonner','Contabilidade',1,'2025-10-17','09:31:22'),(848,'T06','Tonner','Tributaçao',1,'2025-10-20','10:56:16'),(849,'W1030x','Tonner','Escola Prof Geraldo Pascon',3,'2025-10-20','14:39:12'),(850,'D101','Tonner','Ambulançia',1,'2025-10-21','16:30:23'),(851,'285A','Tonner','Laboratorio Poli Clinica',1,'2025-10-22','16:33:59'),(852,'285A','Tonner','Posto De Saude Cohab I',1,'2025-10-23','10:47:50'),(853,'285A','Tonner','Posto Sao Geraldo',1,'2025-10-29','07:36:00'),(854,'285A','Tonner','E.S.F Aparecida',1,'2025-10-30','16:31:40'),(855,'T06','Tonner','E.M.E.F Ida Inocenti Luizeto',2,'2025-11-03','10:55:27'),(856,'285A','Tonner','Secretaria da cultura',1,'2025-11-03','14:40:30'),(857,'T06','Tonner','CAPS',1,'2025-11-03','14:47:31'),(858,'T06','Tonner','Comunicaçao',1,'2025-11-04','16:35:13'),(859,'285A','Tonner','CRAS',1,'2025-11-05','09:36:33'),(860,'285A','Tonner','E.S.F Vila Rica',2,'2025-11-05','10:55:45'),(861,'T06','Tonner','gabinete',1,'2025-11-05','15:06:39'),(862,'283A','Tonner','Laboratorio',1,'2025-11-05','16:39:01'),(863,'285A','Tonner','G.C.M',1,'2025-11-06','09:01:43'),(864,'T06','Tonner','Posto Dr Raphael',1,'2025-11-06','10:51:06'),(865,'285A','Tonner','Posto Dr Raphael',1,'2025-11-06','10:52:53'),(866,'T06','Tonner','Zeladoria',1,'2025-11-10','07:45:54'),(867,'T06','Tonner','Banco do povo',1,'2025-11-10','07:46:43'),(868,'TN750','Tonner','Banco Do Povo',1,'2025-11-10','07:48:11'),(869,'DR750','Tonner','Banco Do Povo',1,'2025-11-10','07:49:09'),(870,'285A','Tonner','Posto de saude COHABI',1,'2025-11-11','10:24:30'),(871,'T06','Tonner','EMEI Dona Lola',2,'2025-11-12','13:37:43'),(872,'DR1000','Tonner','Banco Do Povo',1,'2025-11-12','13:43:07'),(873,'tn1060','Tonner','Banco Do Povo',1,'2025-11-12','13:45:22'),(874,'T06','Tonner','CRAS',2,'2025-11-17','10:43:23'),(875,'W1030x','Tonner','CRECHE Dagina',1,'2025-11-17','14:14:10'),(876,'T06','Tonner','CSII',2,'2025-11-18','11:24:11'),(877,'W1030x','Tonner','CSII',1,'2025-11-18','12:38:27'),(878,'285A','Tonner','CSII',1,'2025-11-18','14:16:43'),(879,'285A','Tonner','Posto Dr Raphael',1,'2025-11-18','14:17:34'),(880,'W1030x','Tonner','Escola Prof Helio Da Silva',1,'2025-11-24','16:28:51'),(883,'T06','Tonner','Segurança do Trabalho',1,'2025-11-25','08:53:30'),(884,'W1030x','Tonner','Farmacia Central (Policlinica)',1,'2025-11-25','10:09:44'),(885,'W1030x','Tonner','Segurança do Trabalho',1,'2025-11-25','13:45:38'),(886,'W1030x','Tonner','Escola Prof Walter Carrer',1,'2025-11-26','10:10:23'),(887,'T06','Tonner','Posto Vila Rica',1,'2025-11-27','11:17:14'),(888,'285A','Tonner','Posto Vila Rica',1,'2025-11-27','11:18:04'),(889,'D203U','Tonner','Policlinica',1,'2025-11-27','13:03:10'),(890,'D203U','Tonner','Policlinica',1,'2025-11-27','13:56:14'),(891,'W1030x','Tonner','EMEI Prof Jose Bonome',1,'2025-11-27','16:35:16'),(892,'T06','Tonner','Posto Saude Cohab I',1,'2025-12-01','07:52:34'),(893,'T06','Tonner','merenda',1,'2025-12-02','13:20:16'),(894,'T06','Tonner','assistencia social',1,'2025-12-02','15:40:06'),(895,'285A','Tonner','posto sta monica',1,'2025-12-02','15:49:00'),(896,'T06','Tonner','escola Joana',1,'2025-12-04','08:27:24'),(897,'285A','Tonner','Laboratorio',1,'2025-12-04','11:18:58'),(898,'T06','Tonner','setor de compras',1,'2025-12-05','10:41:39'),(899,'D203U','Tonner','saude',1,'2025-12-09','15:22:49'),(900,'TN750','Tonner','saude',1,'2025-12-10','14:26:52'),(901,'T06','Tonner','tributaçao',1,'2025-12-12','09:36:58'),(904,'DR750','Tonner','vigilancia sanitaria',1,'2025-12-15','08:26:59'),(905,'TN750','Tonner','vigilancia SANITARIA',1,'2025-12-15','08:27:52'),(906,'285A','Tonner','defesa civil',1,'2025-12-15','11:01:11'),(907,'T06','Tonner','cultura',1,'2025-12-18','08:34:01'),(908,'T06','Tonner','posto de saude cohab I',1,'2025-12-19','15:45:06'),(909,'W1030x','Tonner','posto de saude da aparecida',1,'2025-12-19','15:46:27'),(910,'DR750','Tonner','vigilançia sanitaria',1,'2025-12-22','14:56:10'),(911,'TN750','Tonner','vigilancia  sanitaria',1,'2025-12-22','14:57:02'),(912,'285A','Tonner','CRAS',1,'2025-12-22','07:22:56'),(913,'T06','Tonner','Escola Ida Inocentti',1,'2025-12-29','08:42:39'),(914,'D203U','Tonner','Escola Ida Inocentti',1,'2025-12-29','08:43:45'),(915,'T06','Tonner','CRAS',1,'2025-12-30','10:42:21'),(916,'T06','Tonner','RH',1,'2025-12-30','15:11:52'),(917,'285A','Tonner','E.S.F vila rica',1,'2025-12-30','16:32:49'),(918,'T06','Tonner','garagem da aparecida',1,'2026-01-05','07:30:40'),(919,'tn1060','Tonner','banco do povo',1,'2026-01-06','07:32:13'),(920,'DR1000','Tonner','banco do povo',1,'2026-01-06','07:34:14'),(921,'W1030x','Tonner','Escola milton monti',1,'2026-01-07','07:35:38'),(922,'T06','Tonner','Escola Prof Milton monti',1,'2026-01-07','07:37:39'),(923,'285A','Tonner','Defesa Civil',1,'2026-01-09','07:39:06'),(924,'T06','Tonner','Saude',1,'2026-01-13','07:39:56'),(925,'DR750','Tonner','Educaçao',1,'2025-01-14','07:40:55'),(926,'TN750','Tonner','Educaçao',1,'2026-01-14','07:42:09'),(927,'T06','Tonner','Tesouraria',1,'2026-01-14','07:42:46'),(928,'285A','Tonner','E.S.F Dr Raphael',2,'2026-01-15','10:34:54'),(929,'T06','Tonner','creas',1,'2026-01-19','14:37:38'),(930,'285A','Tonner','uva',1,'2026-01-21','09:49:30'),(931,'T06','Tonner','posto dr raphael',1,'2026-01-22','11:21:06'),(932,'T06','Tonner','tributaçao',1,'2026-01-22','14:30:03'),(933,'DR750','Tonner','ambulançia',1,'2026-01-22','16:06:20'),(934,'TN750','Tonner','ambulançia',1,'2026-01-22','16:07:56'),(935,'T06','Tonner','policlinica',1,'2026-01-27','08:15:55'),(936,'285A','Tonner','laboratorio',1,'2026-01-28','11:18:01'),(937,'T06','Tonner','CSII',1,'2026-01-29','09:38:46'),(938,'W1030x','Tonner','CSII',1,'2026-01-29','09:39:29'),(939,'285A','Tonner','E.S.F Sao Geraldo',1,'2026-01-29','09:40:18'),(940,'285A','Tonner','postao',1,'2026-01-29','07:25:10'),(941,'285A','Tonner','E.S.F Paulo Justo',2,'2026-01-29','07:26:43'),(942,'T06','Tonner','licitaçao',2,'2026-01-30','14:17:51'),(943,'W1030x','Tonner','Escola Prof Dr Augusto Reis',3,'2026-02-02','11:03:15'),(944,'285A','Tonner','ESF Sao Geraldo',1,'2026-02-02','15:52:24'),(945,'T06','Tonner','Escola Prof Zigomar Augusto',2,'2026-02-04','09:46:08'),(946,'T06','Tonner','Prof Walter carrer',2,'2026-02-09','12:44:17'),(947,'W1030x','Tonner','Prof Walter Carrer',2,'2026-02-09','12:45:10'),(948,'T06','Tonner','Caps Aparecida',1,'2026-02-09','15:56:00'),(949,'285A','Tonner','Oficina Mecanica',1,'2026-02-12','11:24:12'),(950,'W1030x','Tonner','E.S.F Santa Monica ( posto)',1,'2026-02-12','11:25:25'),(951,'W1030x','Tonner','Farmacia Central (policlica)',1,'2026-02-12','11:26:56'),(952,'W1030x','Tonner','Ginasio Prof  Helio da Silva',1,'2026-02-12','15:23:24'),(953,'285A','Tonner','posto saude STA Monica',1,'2026-02-13','10:50:04'),(954,'T06','Tonner','Departamento Pessoal',1,'2026-03-02','08:06:57'),(955,'DR1000','Tonner','Banco do povo',1,'2026-03-02','08:12:18'),(956,'W1030x','Tonner','Escola Prof Dagina',2,'2026-03-02','08:14:30'),(957,'T06','Tonner','Saude',1,'2026-03-02','08:15:41'),(958,'T06','Tonner','turismo',1,'2026-03-02','09:39:23'),(959,'T06','Tonner','Cad Unico',1,'2026-03-02','11:24:58'),(960,'W1030x','Tonner','Vigilancia pidemiologica',1,'2026-03-02','14:23:56'),(961,'W1030x','Tonner','Escola Prof Dr Augusto Reis',2,'2026-03-05','07:50:56'),(962,'TN580','Tonner','Escola Prof Dr Augusto Reis',1,'2026-03-05','07:52:27'),(963,'DR620','Tonner','Escola Prof Dr Augusto Reis',1,'2026-03-05','07:53:41'),(964,'ML2850','Tonner','Escola Prof Dr Augusto Reis',1,'2026-03-05','07:55:02'),(965,'TN750','Tonner','Escola Prof Geraldo Pascon',2,'2026-03-05','08:04:15'),(966,'W1030x','Tonner','Escola Prof Geraldo Pascon',1,'2026-03-05','08:05:45'),(967,'208L','Tonner','Escola prof Walter carrer',1,'2026-03-05','10:37:00'),(968,'W1030x','Tonner','Escola  Prof Walter Carrer',2,'2026-03-05','10:37:57');
/*!40000 ALTER TABLE `saida` ENABLE KEYS */;
UNLOCK TABLES;
/*!40103 SET TIME_ZONE=@OLD_TIME_ZONE */;

/*!40101 SET SQL_MODE=@OLD_SQL_MODE */;
/*!40014 SET FOREIGN_KEY_CHECKS=@OLD_FOREIGN_KEY_CHECKS */;
/*!40014 SET UNIQUE_CHECKS=@OLD_UNIQUE_CHECKS */;
/*!40101 SET CHARACTER_SET_CLIENT=@OLD_CHARACTER_SET_CLIENT */;
/*!40101 SET CHARACTER_SET_RESULTS=@OLD_CHARACTER_SET_RESULTS */;
/*!40101 SET COLLATION_CONNECTION=@OLD_COLLATION_CONNECTION */;
/*!40111 SET SQL_NOTES=@OLD_SQL_NOTES */;

-- Dump completed on 2026-03-06 12:10:44
